economy,time,SE.SEC.ENRR
ABW,YR1992,
ABW,YR1996,
ABW,YR2000,96.5161666870117
ABW,YR2004,97.25244140625
ABW,YR2008,94.6491317749023
ABW,YR2012,111.159767150879
ABW,YR2016,
AFE,YR1992,
AFE,YR1996,
AFE,YR2000,
AFE,YR2004,
AFE,YR2008,
AFE,YR2012,
AFE,YR2016,
AFG,YR1992,
AFG,YR1996,
AFG,YR2000,
AFG,YR2004,17.5680809020996
AFG,YR2008,38.1939811706543
AFG,YR2012,53.618049621582
AFG,YR2016,51.6559410095215
AFW,YR1992,
AFW,YR1996,
AFW,YR2000,
AFW,YR2004,
AFW,YR2008,
AFW,YR2012,
AFW,YR2016,
AGO,YR1992,10.0993299484253
AGO,YR1996,
AGO,YR2000,12.2662801742554
AGO,YR2004,
AGO,YR2008,21.2894592285156
AGO,YR2012,
AGO,YR2016,50.6714782714844
ALB,YR1992,77.7147598266602
ALB,YR1996,67.8675537109375
ALB,YR2000,71.0780792236328
ALB,YR2004,74.8022079467773
ALB,YR2008,84.1250915527344
ALB,YR2012,92.2898330688477
ALB,YR2016,95.7149963378906
AND,YR1992,
AND,YR1996,
AND,YR2000,
AND,YR2004,
AND,YR2008,
AND,YR2012,
AND,YR2016,
ARB,YR1992,51.7615013122559
ARB,YR1996,54.3928108215332
ARB,YR2000,60.0535011291504
ARB,YR2004,65.9691162109375
ARB,YR2008,64.719970703125
ARB,YR2012,70.4993667602539
ARB,YR2016,70.7903900146484
ARE,YR1992,68.1939468383789
ARE,YR1996,
ARE,YR2000,
ARE,YR2004,
ARE,YR2008,
ARE,YR2012,
ARE,YR2016,95.3432922363281
ARG,YR1992,
ARG,YR1996,78.870849609375
ARG,YR2000,95.9366073608398
ARG,YR2004,94.5071716308594
ARG,YR2008,93.2370529174805
ARG,YR2012,103.47647857666
ARG,YR2016,108.462333679199
ARM,YR1992,92.3268585205078
ARM,YR1996,93.3364028930664
ARM,YR2000,92.1519927978516
ARM,YR2004,89.3457336425781
ARM,YR2008,94.9704818725586
ARM,YR2012,
ARM,YR2016,
ASM,YR1992,91.5556716918945
ASM,YR1996,
ASM,YR2000,
ASM,YR2004,
ASM,YR2008,
ASM,YR2012,
ASM,YR2016,
ATG,YR1992,97.5792999267578
ATG,YR1996,
ATG,YR2000,79.6617813110352
ATG,YR2004,
ATG,YR2008,118.127052307129
ATG,YR2012,109.524429321289
ATG,YR2016,
AUS,YR1992,
AUS,YR1996,148.636001586914
AUS,YR2000,
AUS,YR2004,
AUS,YR2008,
AUS,YR2012,
AUS,YR2016,153.013198852539
AUT,YR1992,104.805870056152
AUT,YR1996,105.650329589844
AUT,YR2000,98.6960601806641
AUT,YR2004,99.5235595703125
AUT,YR2008,99.4207305908203
AUT,YR2012,97.8433227539063
AUT,YR2016,100.963020324707
AZE,YR1992,91.9446487426758
AZE,YR1996,75.4991607666016
AZE,YR2000,
AZE,YR2004,
AZE,YR2008,
AZE,YR2012,
AZE,YR2016,
BDI,YR1992,6.24163007736206
BDI,YR1996,
BDI,YR2000,
BDI,YR2004,11.9685897827148
BDI,YR2008,
BDI,YR2012,28.7159900665283
BDI,YR2016,47.4781684875488
BEL,YR1992,102.746490478516
BEL,YR1996,146.362014770508
BEL,YR2000,144.876281738281
BEL,YR2004,153.405334472656
BEL,YR2008,158.743408203125
BEL,YR2012,157.794769287109
BEL,YR2016,161.033157348633
BEN,YR1992,
BEN,YR1996,
BEN,YR2000,21.8377704620361
BEN,YR2004,28.888599395752
BEN,YR2008,
BEN,YR2012,
BEN,YR2016,59.0425186157227
BFA,YR1992,7.47780990600586
BFA,YR1996,
BFA,YR2000,10.4224796295166
BFA,YR2004,13.250789642334
BFA,YR2008,18.9150905609131
BFA,YR2012,25.9330902099609
BFA,YR2016,35.7871513366699
BGD,YR1992,
BGD,YR1996,
BGD,YR2000,49.763988494873
BGD,YR2004,48.351978302002
BGD,YR2008,46.2411193847656
BGD,YR2012,55.2099685668945
BGD,YR2016,71.4158401489258
BGR,YR1992,95.7827682495117
BGR,YR1996,92.6323776245117
BGR,YR2000,92.787956237793
BGR,YR2004,88.7405395507813
BGR,YR2008,89.4339599609375
BGR,YR2012,94.6957321166992
BGR,YR2016,99.6770782470703
BHR,YR1992,98.4922180175781
BHR,YR1996,104.214317321777
BHR,YR2000,97.5694732666016
BHR,YR2004,95.3710021972656
BHR,YR2008,91.7923126220703
BHR,YR2012,91.6719970703125
BHR,YR2016,103.853843688965
BHS,YR1992,95.8618469238281
BHS,YR1996,
BHS,YR2000,
BHS,YR2004,86.1758880615234
BHS,YR2008,92.1582794189453
BHS,YR2012,85.7616729736328
BHS,YR2016,
BIH,YR1992,
BIH,YR1996,
BIH,YR2000,
BIH,YR2004,
BIH,YR2008,
BIH,YR2012,
BIH,YR2016,
BLR,YR1992,93.1222076416016
BLR,YR1996,95.7613372802734
BLR,YR2000,
BLR,YR2004,
BLR,YR2008,111.925590515137
BLR,YR2012,107.213439941406
BLR,YR2016,104.795921325684
BLZ,YR1992,
BLZ,YR1996,
BLZ,YR2000,67.9863128662109
BLZ,YR2004,78.2552490234375
BLZ,YR2008,74.7915115356445
BLZ,YR2012,78.3177337646484
BLZ,YR2016,87.006103515625
BMU,YR1992,
BMU,YR1996,
BMU,YR2000,
BMU,YR2004,79.4409484863281
BMU,YR2008,
BMU,YR2012,76.4940185546875
BMU,YR2016,
BOL,YR1992,
BOL,YR1996,
BOL,YR2000,72.908332824707
BOL,YR2004,86.0952835083008
BOL,YR2008,85.0127792358398
BOL,YR2012,88.131477355957
BOL,YR2016,91.426399230957
BRA,YR1992,
BRA,YR1996,
BRA,YR2000,
BRA,YR2004,102.371032714844
BRA,YR2008,96.7201232910156
BRA,YR2012,93.4202880859375
BRA,YR2016,102.063262939453
BRB,YR1992,
BRB,YR1996,
BRB,YR2000,103.624076843262
BRB,YR2004,107.722648620605
BRB,YR2008,104.479843139648
BRB,YR2012,
BRB,YR2016,106.509803771973
BRN,YR1992,73.8998718261719
BRN,YR1996,
BRN,YR2000,84.6492309570313
BRN,YR2004,92.80322265625
BRN,YR2008,96.0159072875977
BRN,YR2012,106.264831542969
BRN,YR2016,94.0541763305664
BTN,YR1992,
BTN,YR1996,
BTN,YR2000,30.0234298706055
BTN,YR2004,
BTN,YR2008,54.7161712646484
BTN,YR2012,71.697380065918
BTN,YR2016,85.3453674316406
BWA,YR1992,49.3714714050293
BWA,YR1996,
BWA,YR2000,80.4109268188477
BWA,YR2004,83.5247497558594
BWA,YR2008,79.9167709350586
BWA,YR2012,
BWA,YR2016,
CAF,YR1992,9.96249008178711
CAF,YR1996,
CAF,YR2000,
CAF,YR2004,
CAF,YR2008,
CAF,YR2012,17.3938808441162
CAF,YR2016,15.0394401550293
CAN,YR1992,102.7138671875
CAN,YR1996,105.476921081543
CAN,YR2000,101.923126220703
CAN,YR2004,
CAN,YR2008,102.344436645508
CAN,YR2012,109.987487792969
CAN,YR2016,112.514282226563
CEB,YR1992,86.229606628418
CEB,YR1996,88.3942565917969
CEB,YR2000,91.5570297241211
CEB,YR2004,92.5324401855469
CEB,YR2008,95.5338363647461
CEB,YR2012,97.1692733764648
CEB,YR2016,101.570182800293
CHE,YR1992,98.4175186157227
CHE,YR1996,101.114936828613
CHE,YR2000,95.6287536621094
CHE,YR2004,94.4170608520508
CHE,YR2008,95.8860473632813
CHE,YR2012,96.4805221557617
CHE,YR2016,102.565376281738
CHI,YR1992,
CHI,YR1996,
CHI,YR2000,
CHI,YR2004,
CHI,YR2008,
CHI,YR2012,
CHI,YR2016,
CHL,YR1992,91.3607177734375
CHL,YR1996,
CHL,YR2000,85.5215835571289
CHL,YR2004,92.3782577514648
CHL,YR2008,91.3850021362305
CHL,YR2012,89.5010833740234
CHL,YR2016,101.777526855469
CHN,YR1992,42.0988006591797
CHN,YR1996,54.8562393188477
CHN,YR2000,60.2598991394043
CHN,YR2004,
CHN,YR2008,81.7128372192383
CHN,YR2012,
CHN,YR2016,
CIV,YR1992,
CIV,YR1996,
CIV,YR2000,
CIV,YR2004,
CIV,YR2008,
CIV,YR2012,
CIV,YR2016,45.0358085632324
CMR,YR1992,28.1795501708984
CMR,YR1996,
CMR,YR2000,27.575439453125
CMR,YR2004,26.554479598999
CMR,YR2008,36.6680603027344
CMR,YR2012,51.5877799987793
CMR,YR2016,60.0581588745117
COD,YR1992,22.7924308776855
COD,YR1996,
COD,YR2000,
COD,YR2004,
COD,YR2008,39.4459114074707
COD,YR2012,43.2260589599609
COD,YR2016,
COG,YR1992,46.9658203125
COG,YR1996,47.6503410339355
COG,YR2000,
COG,YR2004,44.621150970459
COG,YR2008,
COG,YR2012,52.5928192138672
COG,YR2016,
COL,YR1992,59.6587181091309
COL,YR1996,68.8436431884766
COL,YR2000,73.0866012573242
COL,YR2004,79.1073532104492
COL,YR2008,90.7851867675781
COL,YR2012,95.4042587280273
COL,YR2016,95.0146331787109
COM,YR1992,25.0500907897949
COM,YR1996,
COM,YR2000,
COM,YR2004,44.0077514648438
COM,YR2008,
COM,YR2012,
COM,YR2016,
CPV,YR1992,
CPV,YR1996,
CPV,YR2000,68.6760864257813
CPV,YR2004,68.2438125610352
CPV,YR2008,84.2762985229492
CPV,YR2012,93.0340118408203
CPV,YR2016,93.6871109008789
CRI,YR1992,46.6897811889648
CRI,YR1996,49.4825096130371
CRI,YR2000,62.0568008422852
CRI,YR2004,79.5094604492188
CRI,YR2008,91.2671279907227
CRI,YR2012,107.49169921875
CRI,YR2016,125.816162109375
CSS,YR1992,72.716667175293
CSS,YR1996,77.8346328735352
CSS,YR2000,84.6325302124023
CSS,YR2004,87.509162902832
CSS,YR2008,88.9010925292969
CSS,YR2012,87.4580078125
CSS,YR2016,86.8785400390625
CUB,YR1992,87.189811706543
CUB,YR1996,80.089958190918
CUB,YR2000,82.7508316040039
CUB,YR2004,90.9470291137695
CUB,YR2008,94.9447708129883
CUB,YR2012,90.1888198852539
CUB,YR2016,100.114547729492
CUW,YR1992,
CUW,YR1996,
CUW,YR2000,
CUW,YR2004,
CUW,YR2008,
CUW,YR2012,
CUW,YR2016,
CYM,YR1992,
CYM,YR1996,
CYM,YR2000,95.1645736694336
CYM,YR2004,81.5765609741211
CYM,YR2008,80.2509384155273
CYM,YR2012,82.1597366333008
CYM,YR2016,
CYP,YR1992,67.5007705688477
CYP,YR1996,94.2114486694336
CYP,YR2000,93.3721389770508
CYP,YR2004,97.7151184082031
CYP,YR2008,98.3290405273438
CYP,YR2012,95.2998504638672
CYP,YR2016,99.1193084716797
CZE,YR1992,86.0283279418945
CZE,YR1996,97.9569091796875
CZE,YR2000,88.3174514770508
CZE,YR2004,95.4421005249023
CZE,YR2008,94.1495819091797
CZE,YR2012,96.7918090820313
CZE,YR2016,104.634811401367
DEU,YR1992,100.852256774902
DEU,YR1996,104.506813049316
DEU,YR2000,99.9306564331055
DEU,YR2004,102.140197753906
DEU,YR2008,103.308319091797
DEU,YR2012,102.167610168457
DEU,YR2016,98.8119964599609
DJI,YR1992,10.2650699615479
DJI,YR1996,11.7808303833008
DJI,YR2000,14.0451202392578
DJI,YR2004,20.516529083252
DJI,YR2008,31.9612007141113
DJI,YR2012,43.8617286682129
DJI,YR2016,48.1130485534668
DMA,YR1992,
DMA,YR1996,
DMA,YR2000,111.513061523438
DMA,YR2004,107.70671081543
DMA,YR2008,92.6949920654297
DMA,YR2012,
DMA,YR2016,
DNK,YR1992,110.182281494141
DNK,YR1996,120.491348266602
DNK,YR2000,126.987663269043
DNK,YR2004,123.585189819336
DNK,YR2008,117.841232299805
DNK,YR2012,123.405792236328
DNK,YR2016,129.119491577148
DOM,YR1992,
DOM,YR1996,
DOM,YR2000,60.0571403503418
DOM,YR2004,69.4688873291016
DOM,YR2008,78.9523162841797
DOM,YR2012,78.0239334106445
DOM,YR2016,79.882926940918
DZA,YR1992,57.572509765625
DZA,YR1996,58.9805908203125
DZA,YR2000,65.1169815063477
DZA,YR2004,77.5079879760742
DZA,YR2008,76.7010803222656
DZA,YR2012,
DZA,YR2016,
EAP,YR1992,42.9619903564453
EAP,YR1996,54.0242881774902
EAP,YR2000,59.2349014282227
EAP,YR2004,64.21044921875
EAP,YR2008,76.7555084228516
EAP,YR2012,82.6460037231445
EAP,YR2016,81.8942718505859
EAR,YR1992,44.8844795227051
EAR,YR1996,48.2690200805664
EAR,YR2000,50.7394104003906
EAR,YR2004,56.1683387756348
EAR,YR2008,61.7742118835449
EAR,YR2012,68.6399993896484
EAR,YR2016,74.4257583618164
EAS,YR1992,47.8627586364746
EAS,YR1996,58.3615303039551
EAS,YR2000,62.4375915527344
EAS,YR2004,66.7159118652344
EAS,YR2008,78.7140808105469
EAS,YR2012,84.5204010009766
EAS,YR2016,83.8393325805664
ECA,YR1992,86.5857772827148
ECA,YR1996,84.6885223388672
ECA,YR2000,87.6826324462891
ECA,YR2004,88.702880859375
ECA,YR2008,88.3649673461914
ECA,YR2012,92.0366821289063
ECA,YR2016,98.6401596069336
ECS,YR1992,90.9131622314453
ECS,YR1996,93.8630676269531
ECS,YR2000,94.5668182373047
ECS,YR2004,95.5736083984375
ECS,YR2008,96.1670379638672
ECS,YR2012,98.2215805053711
ECS,YR2016,104.86727142334
ECU,YR1992,57.8106002807617
ECU,YR1996,54.0386810302734
ECU,YR2000,57.709228515625
ECU,YR2004,59.3685913085938
ECU,YR2008,
ECU,YR2012,99.5431518554688
ECU,YR2016,103.750129699707
EGY,YR1992,69.1059112548828
EGY,YR1996,70.2156219482422
EGY,YR2000,81.9857788085938
EGY,YR2004,81.8559265136719
EGY,YR2008,
EGY,YR2012,78.6885070800781
EGY,YR2016,85.1464462280273
EMU,YR1992,97.7699203491211
EMU,YR1996,105.958366394043
EMU,YR2000,102.554138183594
EMU,YR2004,104.282028198242
EMU,YR2008,106.881378173828
EMU,YR2012,108.118339538574
EMU,YR2016,108.194557189941
ERI,YR1992,
ERI,YR1996,24.0659599304199
ERI,YR2000,34.5546798706055
ERI,YR2004,36.674919128418
ERI,YR2008,44.910228729248
ERI,YR2012,59.3343200683594
ERI,YR2016,
ESP,YR1992,105.258850097656
ESP,YR1996,117.573219299316
ESP,YR2000,110.265998840332
ESP,YR2004,113.830436706543
ESP,YR2008,115.526290893555
ESP,YR2012,122.837532043457
ESP,YR2016,126.190460205078
EST,YR1992,101.795021057129
EST,YR1996,92.8376007080078
EST,YR2000,93.8278121948242
EST,YR2004,100.086898803711
EST,YR2008,102.267929077148
EST,YR2012,107.811569213867
EST,YR2016,115.014122009277
ETH,YR1992,12.1751203536987
ETH,YR1996,10.8604001998901
ETH,YR2000,13.5388698577881
ETH,YR2004,22.1996402740479
ETH,YR2008,33.4073905944824
ETH,YR2012,37.5771408081055
ETH,YR2016,
EUU,YR1992,94.3281936645508
EUU,YR1996,101.873107910156
EUU,YR2000,100.863182067871
EUU,YR2004,101.750839233398
EUU,YR2008,103.422729492188
EUU,YR2012,103.87230682373
EUU,YR2016,110.146492004395
FCS,YR1992,26.747730255127
FCS,YR1996,27.1913509368896
FCS,YR2000,29.2894802093506
FCS,YR2004,35.7418785095215
FCS,YR2008,39.8992309570313
FCS,YR2012,45.3601112365723
FCS,YR2016,44.9491996765137
FIN,YR1992,119.499992370605
FIN,YR1996,115.737129211426
FIN,YR2000,124.57893371582
FIN,YR2004,110.733131408691
FIN,YR2008,108.606781005859
FIN,YR2012,108.24275970459
FIN,YR2016,152.162857055664
FJI,YR1992,80.7520217895508
FJI,YR1996,
FJI,YR2000,78.3509826660156
FJI,YR2004,90.8996124267578
FJI,YR2008,87.605110168457
FJI,YR2012,89.8818893432617
FJI,YR2016,
FRA,YR1992,104.522071838379
FRA,YR1996,112.583740234375
FRA,YR2000,105.590217590332
FRA,YR2004,102.220016479492
FRA,YR2008,106.432838439941
FRA,YR2012,105.813583374023
FRA,YR2016,103.308097839355
FRO,YR1992,
FRO,YR1996,
FRO,YR2000,
FRO,YR2004,
FRO,YR2008,
FRO,YR2012,
FRO,YR2016,
FSM,YR1992,
FSM,YR1996,
FSM,YR2000,
FSM,YR2004,82.3586807250977
FSM,YR2008,
FSM,YR2012,
FSM,YR2016,
GAB,YR1992,
GAB,YR1996,49.0232086181641
GAB,YR2000,
GAB,YR2004,
GAB,YR2008,
GAB,YR2012,
GAB,YR2016,
GBR,YR1992,91.0782928466797
GBR,YR1996,102.001792907715
GBR,YR2000,101.896011352539
GBR,YR2004,104.689041137695
GBR,YR2008,98.3396606445313
GBR,YR2012,91.5527572631836
GBR,YR2016,
GEO,YR1992,89.3590927124023
GEO,YR1996,75.8446578979492
GEO,YR2000,87.208381652832
GEO,YR2004,91.5277633666992
GEO,YR2008,99.3173675537109
GEO,YR2012,
GEO,YR2016,100.907348632813
GHA,YR1992,
GHA,YR1996,
GHA,YR2000,35.1286010742188
GHA,YR2004,38.1757698059082
GHA,YR2008,47.3539810180664
GHA,YR2012,56.442440032959
GHA,YR2016,68.9029388427734
GIB,YR1992,
GIB,YR1996,
GIB,YR2000,92.4575729370117
GIB,YR2004,
GIB,YR2008,84.8884429931641
GIB,YR2012,
GIB,YR2016,110.584518432617
GIN,YR1992,
GIN,YR1996,13.960410118103
GIN,YR2000,
GIN,YR2004,24.6286697387695
GIN,YR2008,33.8842086791992
GIN,YR2012,37.806079864502
GIN,YR2016,
GMB,YR1992,18.2027797698975
GMB,YR1996,23.3208808898926
GMB,YR2000,
GMB,YR2004,
GMB,YR2008,50.1135787963867
GMB,YR2012,
GMB,YR2016,
GNB,YR1992,
GNB,YR1996,
GNB,YR2000,18.0877990722656
GNB,YR2004,
GNB,YR2008,
GNB,YR2012,
GNB,YR2016,
GNQ,YR1992,
GNQ,YR1996,
GNQ,YR2000,23.4883708953857
GNQ,YR2004,
GNQ,YR2008,
GNQ,YR2012,
GNQ,YR2016,
GRC,YR1992,92.9607086181641
GRC,YR1996,89.6977691650391
GRC,YR2000,87.8114929199219
GRC,YR2004,95.8661880493164
GRC,YR2008,
GRC,YR2012,104.562400817871
GRC,YR2016,102.956848144531
GRD,YR1992,106.488746643066
GRD,YR1996,
GRD,YR2000,
GRD,YR2004,114.867141723633
GRD,YR2008,120.776832580566
GRD,YR2012,
GRD,YR2016,115.186859130859
GRL,YR1992,
GRL,YR1996,
GRL,YR2000,
GRL,YR2004,
GRL,YR2008,
GRL,YR2012,
GRL,YR2016,
GTM,YR1992,
GTM,YR1996,24.4419498443604
GTM,YR2000,30.3855209350586
GTM,YR2004,39.4809112548828
GTM,YR2008,45.7369613647461
GTM,YR2012,53.1233711242676
GTM,YR2016,53.4359893798828
GUM,YR1992,
GUM,YR1996,
GUM,YR2000,
GUM,YR2004,
GUM,YR2008,
GUM,YR2012,
GUM,YR2016,
GUY,YR1992,
GUY,YR1996,
GUY,YR2000,
GUY,YR2004,
GUY,YR2008,84.1689376831055
GUY,YR2012,97.7277908325195
GUY,YR2016,
HIC,YR1992,94.3846893310547
HIC,YR1996,100.283531188965
HIC,YR2000,99.0558090209961
HIC,YR2004,100.123901367188
HIC,YR2008,100.574371337891
HIC,YR2012,102.136070251465
HIC,YR2016,106.691520690918
HKG,YR1992,
HKG,YR1996,81.7804336547852
HKG,YR2000,
HKG,YR2004,81.1752090454102
HKG,YR2008,86.0247268676758
HKG,YR2012,107.129470825195
HKG,YR2016,103.559280395508
HND,YR1992,
HND,YR1996,
HND,YR2000,
HND,YR2004,
HND,YR2008,60.0184593200684
HND,YR2012,63.8839797973633
HND,YR2016,51.8207817077637
HPC,YR1992,18.4433193206787
HPC,YR1996,19.5108203887939
HPC,YR2000,21.70285987854
HPC,YR2004,26.3553199768066
HPC,YR2008,33.0844497680664
HPC,YR2012,38.7840003967285
HPC,YR2016,40.5546417236328
HRV,YR1992,
HRV,YR1996,81.6505126953125
HRV,YR2000,85.5260467529297
HRV,YR2004,
HRV,YR2008,98.3713531494141
HRV,YR2012,98.9171829223633
HRV,YR2016,98.8711090087891
HTI,YR1992,
HTI,YR1996,
HTI,YR2000,
HTI,YR2004,
HTI,YR2008,
HTI,YR2012,
HTI,YR2016,
HUN,YR1992,83.2844161987305
HUN,YR1996,91.4106826782227
HUN,YR2000,96.1312637329102
HUN,YR2004,95.9534378051758
HUN,YR2008,96.0428085327148
HUN,YR2012,98.060661315918
HUN,YR2016,102.71395111084
IBD,YR1992,53.2478981018066
IBD,YR1996,59.2467308044434
IBD,YR2000,62.283748626709
IBD,YR2004,66.1441497802734
IBD,YR2008,73.8419418334961
IBD,YR2012,79.8686599731445
IBD,YR2016,83.3020629882813
IBT,YR1992,47.4734992980957
IBT,YR1996,52.0574989318848
IBT,YR2000,54.7478790283203
IBT,YR2004,58.4936218261719
IBT,YR2008,64.4135513305664
IBT,YR2012,69.4197463989258
IBT,YR2016,71.9879531860352
IDA,YR1992,27.0529499053955
IDA,YR1996,28.5544700622559
IDA,YR2000,30.7532196044922
IDA,YR2004,35.2091102600098
IDA,YR2008,39.5615386962891
IDA,YR2012,44.9195098876953
IDA,YR2016,47.4531402587891
IDB,YR1992,33.9274597167969
IDB,YR1996,32.1222801208496
IDB,YR2000,31.524169921875
IDB,YR2004,36.156681060791
IDB,YR2008,40.9767990112305
IDB,YR2012,46.2791481018066
IDB,YR2016,47.3761100769043
IDN,YR1992,44.0668411254883
IDN,YR1996,50.3472709655762
IDN,YR2000,55.0771217346191
IDN,YR2004,61.8672409057617
IDN,YR2008,69.6562271118164
IDN,YR2012,80.4523315429688
IDN,YR2016,84.9521179199219
IDX,YR1992,22.9744606018066
IDX,YR1996,26.2978897094727
IDX,YR2000,30.0567607879639
IDX,YR2004,34.3988990783691
IDX,YR2008,38.5685501098633
IDX,YR2012,44.0529708862305
IDX,YR2016,47.342041015625
IMN,YR1992,
IMN,YR1996,
IMN,YR2000,
IMN,YR2004,
IMN,YR2008,
IMN,YR2012,
IMN,YR2016,
IND,YR1992,
IND,YR1996,45.2803993225098
IND,YR2000,44.8719787597656
IND,YR2004,51.3718490600586
IND,YR2008,60.3564910888672
IND,YR2012,69.0128326416016
IND,YR2016,75.091796875
IRL,YR1992,100.681098937988
IRL,YR1996,110.571746826172
IRL,YR2000,105.122367858887
IRL,YR2004,109.409881591797
IRL,YR2008,111.293968200684
IRL,YR2012,117.75218963623
IRL,YR2016,117.028717041016
IRN,YR1992,57.5248794555664
IRN,YR1996,
IRN,YR2000,77.5098495483398
IRN,YR2004,77.4774703979492
IRN,YR2008,81.0142364501953
IRN,YR2012,84.9821166992188
IRN,YR2016,86.8663177490234
IRQ,YR1992,
IRQ,YR1996,39.0048408508301
IRQ,YR2000,37.7888793945313
IRQ,YR2004,47.8033599853516
IRQ,YR2008,
IRQ,YR2012,
IRQ,YR2016,
ISL,YR1992,101.527046203613
ISL,YR1996,103.204933166504
ISL,YR2000,106.457061767578
ISL,YR2004,110.086181640625
ISL,YR2008,108.584609985352
ISL,YR2012,110.009140014648
ISL,YR2016,117.629013061523
ISR,YR1992,92.8190002441406
ISR,YR1996,90.5455932617188
ISR,YR2000,104.162178039551
ISR,YR2004,105.728309631348
ISR,YR2008,104.08235168457
ISR,YR2012,102.222793579102
ISR,YR2016,105.23307800293
ITA,YR1992,82.2886123657227
ITA,YR1996,89.5475692749023
ITA,YR2000,93.0541687011719
ITA,YR2004,99.0179290771484
ITA,YR2008,101.100967407227
ITA,YR2012,102.033340454102
ITA,YR2016,101.662353515625
JAM,YR1992,
JAM,YR1996,
JAM,YR2000,85.2874603271484
JAM,YR2004,89.9325714111328
JAM,YR2008,93.5766906738281
JAM,YR2012,
JAM,YR2016,83.7769165039063
JOR,YR1992,77.936653137207
JOR,YR1996,81.5097198486328
JOR,YR2000,82.2307662963867
JOR,YR2004,84.6346969604492
JOR,YR2008,85.9046630859375
JOR,YR2012,74.1864013671875
JOR,YR2016,
JPN,YR1992,97.2847290039063
JPN,YR1996,99.7709884643555
JPN,YR2000,
JPN,YR2004,
JPN,YR2008,
JPN,YR2012,
JPN,YR2016,102.372016906738
KAZ,YR1992,97.558952331543
KAZ,YR1996,
KAZ,YR2000,93.7032775878906
KAZ,YR2004,
KAZ,YR2008,
KAZ,YR2012,102.214492797852
KAZ,YR2016,113.250022888184
KEN,YR1992,
KEN,YR1996,
KEN,YR2000,38.7835693359375
KEN,YR2004,46.425838470459
KEN,YR2008,56.5935211181641
KEN,YR2012,
KEN,YR2016,
KGZ,YR1992,100.474998474121
KGZ,YR1996,77.5858535766602
KGZ,YR2000,84.7510070800781
KGZ,YR2004,88.2775497436523
KGZ,YR2008,
KGZ,YR2012,88.3713073730469
KGZ,YR2016,93.834716796875
KHM,YR1992,
KHM,YR1996,
KHM,YR2000,17.2854499816895
KHM,YR2004,31.3207492828369
KHM,YR2008,45.2158813476563
KHM,YR2012,
KHM,YR2016,
KIR,YR1992,39.1898193359375
KIR,YR1996,43.8573417663574
KIR,YR2000,63.5268211364746
KIR,YR2004,88.9751129150391
KIR,YR2008,86.9659881591797
KIR,YR2012,
KIR,YR2016,
KNA,YR1992,83.2733535766602
KNA,YR1996,
KNA,YR2000,111.951156616211
KNA,YR2004,92.9064483642578
KNA,YR2008,109.271690368652
KNA,YR2012,89.0208435058594
KNA,YR2016,106.914207458496
KOR,YR1992,91.8161468505859
KOR,YR1996,100.812080383301
KOR,YR2000,95.9592514038086
KOR,YR2004,97.1922988891602
KOR,YR2008,95.0455474853516
KOR,YR2012,97.8017578125
KOR,YR2016,100.485046386719
KWT,YR1992,53.0255088806152
KWT,YR1996,95.3441467285156
KWT,YR2000,91.0880584716797
KWT,YR2004,102.364097595215
KWT,YR2008,99.2489166259766
KWT,YR2012,96.4403228759766
KWT,YR2016,
LAC,YR1992,78.1315612792969
LAC,YR1996,81.4247131347656
LAC,YR2000,86.2284469604492
LAC,YR2004,86.8313598632813
LAC,YR2008,87.4349899291992
LAC,YR2012,89.5026702880859
LAC,YR2016,95.9359664916992
LAO,YR1992,20.2344093322754
LAO,YR1996,24.7626495361328
LAO,YR2000,34.1422004699707
LAO,YR2004,43.2256813049316
LAO,YR2008,44.1645011901855
LAO,YR2012,49.0311012268066
LAO,YR2016,66.3092422485352
LBN,YR1992,
LBN,YR1996,
LBN,YR2000,
LBN,YR2004,
LBN,YR2008,
LBN,YR2012,
LBN,YR2016,
LBR,YR1992,
LBR,YR1996,
LBR,YR2000,35.9372596740723
LBR,YR2004,
LBR,YR2008,
LBR,YR2012,
LBR,YR2016,
LBY,YR1992,
LBY,YR1996,
LBY,YR2000,
LBY,YR2004,
LBY,YR2008,
LBY,YR2012,
LBY,YR2016,
LCA,YR1992,61.9589500427246
LCA,YR1996,
LCA,YR2000,73.9931488037109
LCA,YR2004,73.8459777832031
LCA,YR2008,93.2836303710938
LCA,YR2012,89.4730377197266
LCA,YR2016,88.5339736938477
LCN,YR1992,77.7700805664063
LCN,YR1996,80.4735565185547
LCN,YR2000,85.2889099121094
LCN,YR2004,86.4943466186523
LCN,YR2008,87.3230514526367
LCN,YR2012,89.4151611328125
LCN,YR2016,95.7453765869141
LDC,YR1992,19.8469390869141
LDC,YR1996,23.9035491943359
LDC,YR2000,27.8224906921387
LDC,YR2004,31.4374008178711
LDC,YR2008,35.6034202575684
LDC,YR2012,41.4294395446777
LDC,YR2016,46.0543212890625
LIC,YR1992,21.6449394226074
LIC,YR1996,22.5686702728271
LIC,YR2000,24.1751708984375
LIC,YR2004,29.379789352417
LIC,YR2008,35.2605400085449
LIC,YR2012,39.7179489135742
LIC,YR2016,39.5195693969727
LIE,YR1992,
LIE,YR1996,
LIE,YR2000,
LIE,YR2004,110.761421203613
LIE,YR2008,107.566116333008
LIE,YR2012,110.373863220215
LIE,YR2016,116.028373718262
LKA,YR1992,84.3495025634766
LKA,YR1996,
LKA,YR2000,
LKA,YR2004,
LKA,YR2008,
LKA,YR2012,99.4469680786133
LKA,YR2016,97.6288528442383
LMC,YR1992,42.4965286254883
LMC,YR1996,45.4761199951172
LMC,YR2000,47.2428512573242
LMC,YR2004,52.0598983764648
LMC,YR2008,57.1994590759277
LMC,YR2012,64.21484375
LMC,YR2016,68.8494567871094
LMY,YR1992,47.2536087036133
LMY,YR1996,51.855339050293
LMY,YR2000,54.5194511413574
LMY,YR2004,58.3010902404785
LMY,YR2008,64.2566528320313
LMY,YR2012,69.2855377197266
LMY,YR2016,71.8230133056641
LSO,YR1992,23.7516403198242
LSO,YR1996,27.5009708404541
LSO,YR2000,28.2828903198242
LSO,YR2004,35.9729385375977
LSO,YR2008,46.4424514770508
LSO,YR2012,62.1758804321289
LSO,YR2016,58.5193405151367
LTE,YR1992,58.0504684448242
LTE,YR1996,67.6802978515625
LTE,YR2000,71.1132125854492
LTE,YR2004,72.3787689208984
LTE,YR2008,83.0537414550781
LTE,YR2012,87.9449996948242
LTE,YR2016,88.0448226928711
LTU,YR1992,88.8399963378906
LTU,YR1996,87.6479873657227
LTU,YR2000,96.9156875610352
LTU,YR2004,103.009536743164
LTU,YR2008,106.108779907227
LTU,YR2012,106.17350769043
LTU,YR2016,107.42977142334
LUX,YR1992,68.932746887207
LUX,YR1996,88.043830871582
LUX,YR2000,97.0641937255859
LUX,YR2004,95.4637908935547
LUX,YR2008,97.4829711914063
LUX,YR2012,100.360717773438
LUX,YR2016,103.665161132813
LVA,YR1992,90.4628219604492
LVA,YR1996,87.078498840332
LVA,YR2000,90.0659713745117
LVA,YR2004,99.2952423095703
LVA,YR2008,104.897567749023
LVA,YR2012,106.344802856445
LVA,YR2016,111.296806335449
MAC,YR1992,72.3384780883789
MAC,YR1996,
MAC,YR2000,83.0893936157227
MAC,YR2004,87.0058898925781
MAC,YR2008,83.7853698730469
MAC,YR2012,92.0654602050781
MAC,YR2016,98.5565414428711
MAF,YR1992,
MAF,YR1996,
MAF,YR2000,
MAF,YR2004,
MAF,YR2008,
MAF,YR2012,
MAF,YR2016,
MAR,YR1992,36.3792381286621
MAR,YR1996,38.0743103027344
MAR,YR2000,38.6838417053223
MAR,YR2004,48.553108215332
MAR,YR2008,58.1975898742676
MAR,YR2012,69.7475662231445
MAR,YR2016,
MCO,YR1992,
MCO,YR1996,
MCO,YR2000,
MCO,YR2004,
MCO,YR2008,
MCO,YR2012,
MCO,YR2016,
MDA,YR1992,
MDA,YR1996,
MDA,YR2000,
MDA,YR2004,
MDA,YR2008,
MDA,YR2012,
MDA,YR2016,106.019912719727
MDG,YR1992,
MDG,YR1996,
MDG,YR2000,
MDG,YR2004,
MDG,YR2008,29.3614406585693
MDG,YR2012,38.1117401123047
MDG,YR2016,38.3115882873535
MDV,YR1992,
MDV,YR1996,56.1299095153809
MDV,YR2000,51.2945404052734
MDV,YR2004,67.873176574707
MDV,YR2008,
MDV,YR2012,
MDV,YR2016,
MEA,YR1992,56.6734809875488
MEA,YR1996,61.9941787719727
MEA,YR2000,68.5643768310547
MEA,YR2004,73.079948425293
MEA,YR2008,72.9237365722656
MEA,YR2012,79.1259002685547
MEA,YR2016,80.1065292358398
MEX,YR1992,54.8693199157715
MEX,YR1996,61.0874290466309
MEX,YR2000,71.7650299072266
MEX,YR2004,81.427490234375
MEX,YR2008,86.4275283813477
MEX,YR2012,90.6671981811523
MEX,YR2016,102.40406036377
MHL,YR1992,
MHL,YR1996,
MHL,YR2000,
MHL,YR2004,65.3695602416992
MHL,YR2008,76.8723068237305
MHL,YR2012,
MHL,YR2016,64.4405364990234
MIC,YR1992,49.2636604309082
MIC,YR1996,54.3310508728027
MIC,YR2000,57.1272811889648
MIC,YR2004,60.9826316833496
MIC,YR2008,67.4021301269531
MIC,YR2012,72.9719161987305
MIC,YR2016,76.2462997436523
MKD,YR1992,
MKD,YR1996,77.5651092529297
MKD,YR2000,81.3481979370117
MKD,YR2004,81.3191375732422
MKD,YR2008,81.2299270629883
MKD,YR2012,82.3908767700195
MKD,YR2016,
MLI,YR1992,8.27134037017822
MLI,YR1996,11.2752199172974
MLI,YR2000,17.4537200927734
MLI,YR2004,23.9939594268799
MLI,YR2008,33.731990814209
MLI,YR2012,
MLI,YR2016,42.9929809570313
MLT,YR1992,86.1426620483398
MLT,YR1996,85.4544067382813
MLT,YR2000,89.1839065551758
MLT,YR2004,104.503303527832
MLT,YR2008,100.209579467773
MLT,YR2012,94.0410308837891
MLT,YR2016,95.808219909668
MMR,YR1992,23.5173892974854
MMR,YR1996,
MMR,YR2000,36.8745307922363
MMR,YR2004,43.2648391723633
MMR,YR2008,48.5485610961914
MMR,YR2012,
MMR,YR2016,60.3156204223633
MNA,YR1992,55.9490013122559
MNA,YR1996,60.8267402648926
MNA,YR2000,67.2488098144531
MNA,YR2004,71.390739440918
MNA,YR2008,70.5184020996094
MNA,YR2012,76.3894271850586
MNA,YR2016,76.7328262329102
MNE,YR1992,
MNE,YR1996,
MNE,YR2000,
MNE,YR2004,93.4446029663086
MNE,YR2008,95.3827972412109
MNE,YR2012,93.1304626464844
MNE,YR2016,90.542106628418
MNG,YR1992,76.9515533447266
MNG,YR1996,63.4088897705078
MNG,YR2000,65.1174087524414
MNG,YR2004,87.8309936523438
MNG,YR2008,
MNG,YR2012,
MNG,YR2016,
MNP,YR1992,
MNP,YR1996,
MNP,YR2000,
MNP,YR2004,
MNP,YR2008,
MNP,YR2012,
MNP,YR2016,
MOZ,YR1992,7.02412986755371
MOZ,YR1996,
MOZ,YR2000,6.197350025177
MOZ,YR2004,11.0158596038818
MOZ,YR2008,20.5702209472656
MOZ,YR2012,25.5067901611328
MOZ,YR2016,
MRT,YR1992,13.4651002883911
MRT,YR1996,15.6457300186157
MRT,YR2000,17.8074893951416
MRT,YR2004,21.8564395904541
MRT,YR2008,19.086519241333
MRT,YR2012,27.2638301849365
MRT,YR2016,32.677188873291
MUS,YR1992,58.2124290466309
MUS,YR1996,66.7571334838867
MUS,YR2000,76.8169326782227
MUS,YR2004,85.9209976196289
MUS,YR2008,88.0479278564453
MUS,YR2012,92.9887084960938
MUS,YR2016,97.5402984619141
MWI,YR1992,19.7928791046143
MWI,YR1996,25.8281898498535
MWI,YR2000,31.2888298034668
MWI,YR2004,28.1863193511963
MWI,YR2008,32.1334381103516
MWI,YR2012,35.3196411132813
MWI,YR2016,39.1752510070801
MYS,YR1992,65.6116333007813
MYS,YR1996,66.4293518066406
MYS,YR2000,77.4147415161133
MYS,YR2004,84.1285095214844
MYS,YR2008,77.1108703613281
MYS,YR2012,81.475456237793
MYS,YR2016,84.7084732055664
NAC,YR1992,94.8580780029297
NAC,YR1996,97.4037094116211
NAC,YR2000,94.7804565429688
NAC,YR2004,95.6905212402344
NAC,YR2008,95.6517715454102
NAC,YR2012,97.2088470458984
NAC,YR2016,99.944580078125
NAM,YR1992,47.6461715698242
NAM,YR1996,54.6721611022949
NAM,YR2000,59.337329864502
NAM,YR2004,63.1458892822266
NAM,YR2008,
NAM,YR2012,
NAM,YR2016,
NCL,YR1992,
NCL,YR1996,
NCL,YR2000,
NCL,YR2004,
NCL,YR2008,
NCL,YR2012,
NCL,YR2016,
NER,YR1992,6.33871984481812
NER,YR1996,6.39070987701416
NER,YR2000,6.59191989898682
NER,YR2004,8.70656967163086
NER,YR2008,10.913610458374
NER,YR2012,15.0593395233154
NER,YR2016,23.1249694824219
NGA,YR1992,
NGA,YR1996,
NGA,YR2000,24.6094093322754
NGA,YR2004,34.9974784851074
NGA,YR2008,35.3861808776855
NGA,YR2012,47.1807708740234
NGA,YR2016,42.0025405883789
NIC,YR1992,43.0682601928711
NIC,YR1996,
NIC,YR2000,52.6750106811523
NIC,YR2004,65.1149673461914
NIC,YR2008,71.7634124755859
NIC,YR2012,
NIC,YR2016,
NLD,YR1992,121.039779663086
NLD,YR1996,137.37646484375
NLD,YR2000,122.41854095459
NLD,YR2004,118.177993774414
NLD,YR2008,120.442031860352
NLD,YR2012,128.992492675781
NLD,YR2016,132.691650390625
NOR,YR1992,105.393981933594
NOR,YR1996,115.603889465332
NOR,YR2000,116.063636779785
NOR,YR2004,115.380111694336
NOR,YR2008,112.574913024902
NOR,YR2012,110.570426940918
NOR,YR2016,116.227989196777
NPL,YR1992,37.4056396484375
NPL,YR1996,43.9580307006836
NPL,YR2000,35.7619018554688
NPL,YR2004,
NPL,YR2008,51.0394401550293
NPL,YR2012,63.7487983703613
NPL,YR2016,70.7767486572266
NRU,YR1992,
NRU,YR1996,
NRU,YR2000,49.1827583312988
NRU,YR2004,41.8106994628906
NRU,YR2008,65.8595581054688
NRU,YR2012,76.6423416137695
NRU,YR2016,82.7356109619141
NZL,YR1992,94.2658920288086
NZL,YR1996,115.629287719727
NZL,YR2000,110.762268066406
NZL,YR2004,116.586776733398
NZL,YR2008,117.098358154297
NZL,YR2012,117.106132507324
NZL,YR2016,114.359687805176
OED,YR1992,87.076301574707
OED,YR1996,92.9059677124023
OED,YR2000,93.8014526367188
OED,YR2004,96.6755065917969
OED,YR2008,98.0885162353516
OED,YR2012,99.0509414672852
OED,YR2016,105.35627746582
OMN,YR1992,51.6509590148926
OMN,YR1996,68.2229232788086
OMN,YR2000,78.2326736450195
OMN,YR2004,
OMN,YR2008,94.1732788085938
OMN,YR2012,100.039672851563
OMN,YR2016,107.582679748535
OSS,YR1992,46.373779296875
OSS,YR1996,50.6667709350586
OSS,YR2000,53.8599395751953
OSS,YR2004,60.0230903625488
OSS,YR2008,63.6762313842773
OSS,YR2012,66.8086471557617
OSS,YR2016,68.5529174804688
PAK,YR1992,28.3282108306885
PAK,YR1996,
PAK,YR2000,
PAK,YR2004,24.6910705566406
PAK,YR2008,33.0370292663574
PAK,YR2012,34.904899597168
PAK,YR2016,40.9597702026367
PAN,YR1992,59.5183410644531
PAN,YR1996,63.5157203674316
PAN,YR2000,64.8781433105469
PAN,YR2004,67.8367309570313
PAN,YR2008,68.7869720458984
PAN,YR2012,
PAN,YR2016,81.9328918457031
PER,YR1992,65.413932800293
PER,YR1996,69.8867721557617
PER,YR2000,80.7680282592773
PER,YR2004,81.7698211669922
PER,YR2008,88.2215194702148
PER,YR2012,93.1726837158203
PER,YR2016,101.962867736816
PHL,YR1992,73.0001678466797
PHL,YR1996,76.3930282592773
PHL,YR2000,
PHL,YR2004,83.3308334350586
PHL,YR2008,81.9643783569336
PHL,YR2012,
PHL,YR2016,88.455810546875
PLW,YR1992,
PLW,YR1996,
PLW,YR2000,91.2626037597656
PLW,YR2004,90.5216979980469
PLW,YR2008,
PLW,YR2012,
PLW,YR2016,
PNG,YR1992,10.5279903411865
PNG,YR1996,
PNG,YR2000,
PNG,YR2004,
PNG,YR2008,
PNG,YR2012,38.6699485778809
PNG,YR2016,
POL,YR1992,88.0329132080078
POL,YR1996,93.9168930053711
POL,YR2000,100.102142333984
POL,YR2004,97.554313659668
POL,YR2008,97.1499481201172
POL,YR2012,96.2134094238281
POL,YR2016,108.604331970215
PRE,YR1992,20.49342918396
PRE,YR1996,21.1041698455811
PRE,YR2000,22.6498508453369
PRE,YR2004,28.1737403869629
PRE,YR2008,33.3703994750977
PRE,YR2012,39.9341506958008
PRE,YR2016,41.2772407531738
PRI,YR1992,
PRI,YR1996,
PRI,YR2000,
PRI,YR2004,
PRI,YR2008,
PRI,YR2012,83.7782592773438
PRI,YR2016,
PRK,YR1992,
PRK,YR1996,
PRK,YR2000,
PRK,YR2004,
PRK,YR2008,
PRK,YR2012,
PRK,YR2016,
PRT,YR1992,77.607307434082
PRT,YR1996,105.971328735352
PRT,YR2000,104.743621826172
PRT,YR2004,95.0665512084961
PRT,YR2008,103.69303894043
PRT,YR2012,108.715896606445
PRT,YR2016,118.024841308594
PRY,YR1992,32.9800491333008
PRY,YR1996,43.7291717529297
PRY,YR2000,61.5051307678223
PRY,YR2004,66.2343826293945
PRY,YR2008,66.4282989501953
PRY,YR2012,75.9110488891602
PRY,YR2016,
PSE,YR1992,
PSE,YR1996,70.6840515136719
PSE,YR2000,78.3191604614258
PSE,YR2004,88.5161819458008
PSE,YR2008,88.6958236694336
PSE,YR2012,83.9443283081055
PSE,YR2016,87.0266723632813
PSS,YR1992,65.691276550293
PSS,YR1996,65.5154037475586
PSS,YR2000,62.6913604736328
PSS,YR2004,69.7085571289063
PSS,YR2008,71.7725067138672
PSS,YR2012,74.1180725097656
PSS,YR2016,
PST,YR1992,95.657829284668
PST,YR1996,101.665786743164
PST,YR2000,100.07878112793
PST,YR2004,100.791839599609
PST,YR2008,101.100059509277
PST,YR2012,102.219703674316
PST,YR2016,105.99324798584
PYF,YR1992,73.8380508422852
PYF,YR1996,
PYF,YR2000,
PYF,YR2004,
PYF,YR2008,
PYF,YR2012,
PYF,YR2016,
QAT,YR1992,80.831169128418
QAT,YR1996,91.8642272949219
QAT,YR2000,91.3791809082031
QAT,YR2004,101.982841491699
QAT,YR2008,
QAT,YR2012,
QAT,YR2016,
ROU,YR1992,81.9520111083984
ROU,YR1996,75.1225891113281
ROU,YR2000,79.7761306762695
ROU,YR2004,81.6638107299805
ROU,YR2008,92.8912963867188
ROU,YR2012,97.5162811279297
ROU,YR2016,91.1448211669922
RUS,YR1992,94.2744674682617
RUS,YR1996,91.4748382568359
RUS,YR2000,
RUS,YR2004,85.3164291381836
RUS,YR2008,83.1272430419922
RUS,YR2012,95.6072006225586
RUS,YR2016,102.396697998047
RWA,YR1992,15.5050601959229
RWA,YR1996,
RWA,YR2000,11.4137697219849
RWA,YR2004,15.713939666748
RWA,YR2008,21.9730606079102
RWA,YR2012,38.3079795837402
RWA,YR2016,37.2718887329102
SAS,YR1992,40.3499412536621
SAS,YR1996,42.8894081115723
SAS,YR2000,43.0969505310059
SAS,YR2004,47.8397483825684
SAS,YR2008,55.5133895874023
SAS,YR2012,63.3757591247559
SAS,YR2016,70.0700912475586
SAU,YR1992,
SAU,YR1996,
SAU,YR2000,
SAU,YR2004,
SAU,YR2008,
SAU,YR2012,
SAU,YR2016,112.33911895752
SDN,YR1992,
SDN,YR1996,
SDN,YR2000,
SDN,YR2004,39.0741310119629
SDN,YR2008,38.2803382873535
SDN,YR2012,41.232738494873
SDN,YR2016,44.1319389343262
SEN,YR1992,15.7048902511597
SEN,YR1996,14.8124704360962
SEN,YR2000,15.7028903961182
SEN,YR2004,20.2970905303955
SEN,YR2008,30.3192291259766
SEN,YR2012,45.3323097229004
SEN,YR2016,
SGP,YR1992,
SGP,YR1996,
SGP,YR2000,
SGP,YR2004,
SGP,YR2008,
SGP,YR2012,
SGP,YR2016,107.859008789063
SLB,YR1992,15.7819995880127
SLB,YR1996,
SLB,YR2000,20.5197105407715
SLB,YR2004,
SLB,YR2008,
SLB,YR2012,48.3193817138672
SLB,YR2016,
SLE,YR1992,
SLE,YR1996,
SLE,YR2000,
SLE,YR2004,
SLE,YR2008,
SLE,YR2012,43.9980201721191
SLE,YR2016,41.4299392700195
SLV,YR1992,41.8448295593262
SLV,YR1996,
SLV,YR2000,58.3269500732422
SLV,YR2004,68.7162704467773
SLV,YR2008,66.17138671875
SLV,YR2012,73.4241180419922
SLV,YR2016,73.9627304077148
SMR,YR1992,
SMR,YR1996,
SMR,YR2000,
SMR,YR2004,
SMR,YR2008,
SMR,YR2012,
SMR,YR2016,
SOM,YR1992,
SOM,YR1996,
SOM,YR2000,
SOM,YR2004,
SOM,YR2008,
SOM,YR2012,
SOM,YR2016,
SRB,YR1992,
SRB,YR1996,
SRB,YR2000,91.1882629394531
SRB,YR2004,88.1681365966797
SRB,YR2008,90.4638137817383
SRB,YR2012,94.1696166992188
SRB,YR2016,96.234733581543
SSA,YR1992,23.2903804779053
SSA,YR1996,24.3428802490234
SSA,YR2000,25.8846607208252
SSA,YR2004,31.0921993255615
SSA,YR2008,36.0447387695313
SSA,YR2012,41.9762382507324
SSA,YR2016,43.1312599182129
SSD,YR1992,
SSD,YR1996,
SSD,YR2000,
SSD,YR2004,
SSD,YR2008,
SSD,YR2012,
SSD,YR2016,
SSF,YR1992,23.300199508667
SSF,YR1996,24.3514595031738
SSF,YR2000,25.8904399871826
SSF,YR2004,31.0967807769775
SSF,YR2008,36.048511505127
SSF,YR2012,41.9792785644531
SSF,YR2016,43.1338081359863
SST,YR1992,54.318000793457
SST,YR1996,58.2192192077637
SST,YR2000,60.5722312927246
SST,YR2004,65.8610076904297
SST,YR2008,68.9006729125977
SST,YR2012,71.0182571411133
SST,YR2016,71.9316787719727
STP,YR1992,
STP,YR1996,
STP,YR2000,
STP,YR2004,39.2564392089844
STP,YR2008,45.0854797363281
STP,YR2012,58.084098815918
STP,YR2016,83.1942672729492
SUR,YR1992,63.3897018432617
SUR,YR1996,
SUR,YR2000,
SUR,YR2004,
SUR,YR2008,69.6211929321289
SUR,YR2012,72.0744705200195
SUR,YR2016,
SVK,YR1992,
SVK,YR1996,90.9701690673828
SVK,YR2000,85.6171493530273
SVK,YR2004,92.5690536499023
SVK,YR2008,91.7408981323242
SVK,YR2012,92.5960006713867
SVK,YR2016,91.2523422241211
SVN,YR1992,88.3000793457031
SVN,YR1996,90.1096801757813
SVN,YR2000,100.951461791992
SVN,YR2004,97.1886215209961
SVN,YR2008,98.798713684082
SVN,YR2012,98.3604202270508
SVN,YR2016,115.930107116699
SWE,YR1992,91.64208984375
SWE,YR1996,135.176467895508
SWE,YR2000,151.851165771484
SWE,YR2004,103.292808532715
SWE,YR2008,101.303497314453
SWE,YR2012,98.1422500610352
SWE,YR2016,144.90934753418
SWZ,YR1992,48.0404586791992
SWZ,YR1996,45.8353805541992
SWZ,YR2000,43.8382186889648
SWZ,YR2004,51.0947914123535
SWZ,YR2008,
SWZ,YR2012,69.5796279907227
SWZ,YR2016,82.4122085571289
SXM,YR1992,
SXM,YR1996,
SXM,YR2000,
SXM,YR2004,
SXM,YR2008,
SXM,YR2012,102.299247741699
SXM,YR2016,
SYC,YR1992,113.148490905762
SYC,YR1996,114.380889892578
SYC,YR2000,72.9001617431641
SYC,YR2004,74.8871307373047
SYC,YR2008,76.4347763061523
SYC,YR2012,81.3042068481445
SYC,YR2016,82.2310791015625
SYR,YR1992,46.0008888244629
SYR,YR1996,41.9156684875488
SYR,YR2000,43.8478012084961
SYR,YR2004,66.2685089111328
SYR,YR2008,72.015022277832
SYR,YR2012,77.8703308105469
SYR,YR2016,
TCA,YR1992,
TCA,YR1996,
TCA,YR2000,69.8524703979492
TCA,YR2004,74.2765274047852
TCA,YR2008,
TCA,YR2012,
TCA,YR2016,
TCD,YR1992,
TCD,YR1996,8.45131969451904
TCD,YR2000,10.7667398452759
TCD,YR2004,15.163519859314
TCD,YR2008,20.9453105926514
TCD,YR2012,22.3210906982422
TCD,YR2016,22.5566005706787
TEA,YR1992,42.4311294555664
TEA,YR1996,53.5514106750488
TEA,YR2000,58.8571701049805
TEA,YR2004,63.9122009277344
TEA,YR2008,76.5579528808594
TEA,YR2012,82.5143814086914
TEA,YR2016,81.7504425048828
TEC,YR1992,86.6300964355469
TEC,YR1996,85.3640670776367
TEC,YR2000,88.5993728637695
TEC,YR2004,89.3469085693359
TEC,YR2008,89.0812377929688
TEC,YR2012,92.3830184936523
TEC,YR2016,99.2115173339844
TGO,YR1992,20.2188396453857
TGO,YR1996,23.6093006134033
TGO,YR2000,32.0314102172852
TGO,YR2004,43.4335098266602
TGO,YR2008,
TGO,YR2012,
TGO,YR2016,
THA,YR1992,33.4427909851074
THA,YR1996,54.1887283325195
THA,YR2000,
THA,YR2004,68.3514862060547
THA,YR2008,79.2197723388672
THA,YR2012,83.7614593505859
THA,YR2016,118.625907897949
TJK,YR1992,100.34831237793
TJK,YR1996,
TJK,YR2000,72.8841781616211
TJK,YR2004,80.4571380615234
TJK,YR2008,83.4859619140625
TJK,YR2012,87.0531311035156
TJK,YR2016,
TKM,YR1992,
TKM,YR1996,
TKM,YR2000,
TKM,YR2004,
TKM,YR2008,
TKM,YR2012,
TKM,YR2016,
TLA,YR1992,77.5175170898438
TLA,YR1996,80.4185562133789
TLA,YR2000,85.3035202026367
TLA,YR2004,86.408317565918
TLA,YR2008,87.2061080932617
TLA,YR2012,89.4278182983398
TLA,YR2016,95.7614822387695
TLS,YR1992,
TLS,YR1996,
TLS,YR2000,
TLS,YR2004,56.1805992126465
TLS,YR2008,51.4811782836914
TLS,YR2012,66.7929534912109
TLS,YR2016,77.0140075683594
TMN,YR1992,55.7893218994141
TMN,YR1996,60.698600769043
TMN,YR2000,67.091796875
TMN,YR2004,71.1173782348633
TMN,YR2008,70.186279296875
TMN,YR2012,76.2372207641602
TMN,YR2016,76.5101318359375
TON,YR1992,
TON,YR1996,
TON,YR2000,106.637298583984
TON,YR2004,104.638328552246
TON,YR2008,102.43628692627
TON,YR2012,94.5268478393555
TON,YR2016,
TSA,YR1992,40.3499412536621
TSA,YR1996,42.8894081115723
TSA,YR2000,43.0969505310059
TSA,YR2004,47.8397483825684
TSA,YR2008,55.5133895874023
TSA,YR2012,63.3757591247559
TSA,YR2016,70.0700912475586
TSS,YR1992,23.300199508667
TSS,YR1996,24.3514595031738
TSS,YR2000,25.8904399871826
TSS,YR2004,31.0967807769775
TSS,YR2008,36.048511505127
TSS,YR2012,41.9792785644531
TSS,YR2016,43.1338081359863
TTO,YR1992,79.7001190185547
TTO,YR1996,
TTO,YR2000,
TTO,YR2004,85.5122299194336
TTO,YR2008,
TTO,YR2012,
TTO,YR2016,
TUN,YR1992,46.1770515441895
TUN,YR1996,60.4523391723633
TUN,YR2000,74.4840469360352
TUN,YR2004,81.4726867675781
TUN,YR2008,92.3883972167969
TUN,YR2012,
TUN,YR2016,92.8657989501953
TUR,YR1992,54.4491195678711
TUR,YR1996,
TUR,YR2000,73.6004409790039
TUR,YR2004,86.8576736450195
TUR,YR2008,88.5184326171875
TUR,YR2012,85.1846923828125
TUR,YR2016,102.740531921387
TUV,YR1992,
TUV,YR1996,
TUV,YR2000,
TUV,YR2004,
TUV,YR2008,
TUV,YR2012,
TUV,YR2016,71.0309906005859
TZA,YR1992,5.39730978012085
TZA,YR1996,5.28340005874634
TZA,YR2000,
TZA,YR2004,
TZA,YR2008,
TZA,YR2012,
TZA,YR2016,26.7144603729248
UGA,YR1992,10.3243999481201
UGA,YR1996,
UGA,YR2000,
UGA,YR2004,19.3705902099609
UGA,YR2008,
UGA,YR2012,
UGA,YR2016,
UKR,YR1992,91.0639801025391
UKR,YR1996,
UKR,YR2000,102.056488037109
UKR,YR2004,100.305381774902
UKR,YR2008,96.1399230957031
UKR,YR2012,96.4441833496094
UKR,YR2016,
UMC,YR1992,57.93798828125
UMC,YR1996,67.1642837524414
UMC,YR2000,71.3042221069336
UMC,YR2004,73.4106369018555
UMC,YR2008,84.0471115112305
UMC,YR2012,88.7682495117188
UMC,YR2016,90.3058166503906
URY,YR1992,82.6508026123047
URY,YR1996,85.8451766967773
URY,YR2000,98.2286224365234
URY,YR2004,106.989768981934
URY,YR2008,87.7600402832031
URY,YR2012,107.600128173828
URY,YR2016,115.955116271973
USA,YR1992,
USA,YR1996,96.5442962646484
USA,YR2000,
USA,YR2004,
USA,YR2008,
USA,YR2012,
USA,YR2016,98.7699279785156
UZB,YR1992,98.2055435180664
UZB,YR1996,
UZB,YR2000,88.1154403686523
UZB,YR2004,97.8404922485352
UZB,YR2008,88.2079620361328
UZB,YR2012,92.0822525024414
UZB,YR2016,92.6066207885742
VCT,YR1992,
VCT,YR1996,
VCT,YR2000,82.5078887939453
VCT,YR2004,94.2103805541992
VCT,YR2008,109.479919433594
VCT,YR2012,101.927223205566
VCT,YR2016,106.685653686523
VEN,YR1992,56.1492385864258
VEN,YR1996,
VEN,YR2000,60.460750579834
VEN,YR2004,72.190788269043
VEN,YR2008,81.6945419311523
VEN,YR2012,85.8901062011719
VEN,YR2016,87.934211730957
VGB,YR1992,88.0434799194336
VGB,YR1996,
VGB,YR2000,98.7597885131836
VGB,YR2004,105.959030151367
VGB,YR2008,
VGB,YR2012,96.6386566162109
VGB,YR2016,92.3286437988281
VIR,YR1992,107.124641418457
VIR,YR1996,
VIR,YR2000,
VIR,YR2004,
VIR,YR2008,
VIR,YR2012,
VIR,YR2016,
VNM,YR1992,
VNM,YR1996,
VNM,YR2000,
VNM,YR2004,
VNM,YR2008,
VNM,YR2012,
VNM,YR2016,
VUT,YR1992,
VUT,YR1996,
VUT,YR2000,34.6617088317871
VUT,YR2004,42.7503318786621
VUT,YR2008,
VUT,YR2012,
VUT,YR2016,
WLD,YR1992,53.7591285705566
WLD,YR1996,58.1705894470215
WLD,YR2000,59.9287300109863
WLD,YR2004,63.1619987487793
WLD,YR2008,68.5710067749023
WLD,YR2012,73.0726165771484
WLD,YR2016,75.6849975585938
WSM,YR1992,
WSM,YR1996,74.4161376953125
WSM,YR2000,78.4804229736328
WSM,YR2004,83.6348266601563
WSM,YR2008,
WSM,YR2012,88.4292068481445
WSM,YR2016,93.2581405639648
XKX,YR1992,
XKX,YR1996,
XKX,YR2000,
XKX,YR2004,
XKX,YR2008,
XKX,YR2012,
XKX,YR2016,
YEM,YR1992,
YEM,YR1996,
YEM,YR2000,
YEM,YR2004,48.0528602600098
YEM,YR2008,43.0162086486816
YEM,YR2012,46.9127807617188
YEM,YR2016,51.580680847168
ZAF,YR1992,
ZAF,YR1996,
ZAF,YR2000,81.0329971313477
ZAF,YR2004,85.9694290161133
ZAF,YR2008,90.8973999023438
ZAF,YR2012,98.8268585205078
ZAF,YR2016,107.176948547363
ZMB,YR1992,
ZMB,YR1996,
ZMB,YR2000,
ZMB,YR2004,
ZMB,YR2008,
ZMB,YR2012,
ZMB,YR2016,
ZWE,YR1992,40.2680206298828
ZWE,YR1996,42.3878898620605
ZWE,YR2000,45.2213897705078
ZWE,YR2004,
ZWE,YR2008,
ZWE,YR2012,51.5509910583496
ZWE,YR2016,
