economy,time,SP.POP.TOTL,SP.RUR.TOTL,SP.URB.TOTL
ABW,YR1992,68235.0,34119.0,34116.0
ABW,YR1996,83200.0,42968.0,40232.0
ABW,YR2000,90853.0,48409.0,42444.0
ABW,YR2004,98737.0,54068.0,44669.0
ABW,YR2008,101353.0,56978.0,44375.0
ABW,YR2012,102577.0,58513.0,44064.0
ABW,YR2016,104822.0,59547.0,45275.0
AFG,YR1992,13981231.0,10995539.0,2985692.0
AFG,YR1996,17822884.0,13952823.0,3870061.0
AFG,YR2000,20093756.0,15657457.0,4436299.0
AFG,YR2004,24118979.0,18692209.0,5426770.0
AFG,YR2008,27294031.0,20929063.0,6364968.0
AFG,YR2012,30696958.0,23280573.0,7416385.0
AFG,YR2016,34656032.0,25985093.0,8670939.0
AGO,YR1992,12968345.0,7775949.0,5192396.0
AGO,YR1996,14682284.0,8024455.0,6657829.0
AGO,YR2000,16440924.0,8206158.0,8234766.0
AGO,YR2004,18865716.0,8522210.0,10343506.0
AGO,YR2008,21759420.0,9077595.0,12681825.0
AGO,YR2012,25096150.0,9720241.0,15375909.0
AGO,YR2016,28813463.0,10329915.0,18483548.0
ALB,YR1992,3247039.0,2037549.0,1209490.0
ALB,YR1996,3168033.0,1917515.0,1250518.0
ALB,YR2000,3089027.0,1799636.0,1289391.0
ALB,YR2004,3026939.0,1645111.0,1381828.0
ALB,YR2008,2947314.0,1473922.0,1473392.0
ALB,YR2012,2900401.0,1324613.0,1575788.0
ALB,YR2016,2876101.0,1195854.0,1680247.0
AND,YR1992,58888.0,3342.0,55546.0
AND,YR1996,64360.0,4232.0,60128.0
AND,YR2000,65390.0,4973.0,60417.0
AND,YR2004,76244.0,7052.0,69192.0
AND,YR2008,83861.0,9221.0,74640.0
AND,YR2012,82431.0,9372.0,73059.0
AND,YR2016,77281.0,9082.0,68199.0
ARB,YR1992,235037179.0,115976698.0,119060481.0
ARB,YR1996,260843462.0,125460027.0,135383435.0
ARB,YR2000,283832016.0,133850793.0,149981223.0
ARB,YR2004,309162029.0,142341570.0,166820459.0
ARB,YR2008,339825483.0,151388577.0,188436906.0
ARB,YR2012,373306993.0,160620699.0,212686294.0
ARB,YR2016,406452690.0,169845860.0,236606830.0
ARE,YR1992,2086639.0,443202.0,1643437.0
ARE,YR1996,2571020.0,552949.0,2018071.0
ARE,YR2000,3154925.0,623539.0,2531386.0
ARE,YR2004,4087931.0,741101.0,3346830.0
ARE,YR2008,6894278.0,1145346.0,5748932.0
ARE,YR2012,8900453.0,1357408.0,7543045.0
ARE,YR2016,9269612.0,1300990.0,7968622.0
ARG,YR1992,33655151.0,4192759.0,29462392.0
ARG,YR1996,35419682.0,4120726.0,31298956.0
ARG,YR2000,37057452.0,4023698.0,33033754.0
ARG,YR2004,38728696.0,3927090.0,34801606.0
ARG,YR2008,40382389.0,3824212.0,36558177.0
ARG,YR2012,42096739.0,3737769.0,38358970.0
ARG,YR2016,43847430.0,3671345.0,40176085.0
ARM,YR1992,3442810.0,1140328.0,2302482.0
ARM,YR1996,3168215.0,1084131.0,2084084.0
ARM,YR2000,3069588.0,1084608.0,1984980.0
ARM,YR2004,3000612.0,1079080.0,1921532.0
ARM,YR2008,2908220.0,1057429.0,1850791.0
ARM,YR2012,2881922.0,1059395.0,1822527.0
ARM,YR2016,2924816.0,1079784.0,1845032.0
ASM,YR1992,49593.0,8535.0,41058.0
ASM,YR1996,53929.0,7527.0,46402.0
ASM,YR2000,57521.0,6565.0,50956.0
ASM,YR2004,59264.0,6994.0,52270.0
ASM,YR2008,57030.0,6958.0,50072.0
ASM,YR2012,55230.0,6948.0,48282.0
ASM,YR2016,55599.0,7118.0,48481.0
ATG,YR1992,68427.0,44419.0,24008.0
ATG,YR1996,75628.0,50225.0,25403.0
ATG,YR2000,83584.0,56731.0,26853.0
ATG,YR2004,88257.0,61924.0,26333.0
ATG,YR2008,92478.0,67134.0,25344.0
ATG,YR2012,96777.0,72074.0,24703.0
ATG,YR2016,100963.0,75878.0,25085.0
AUS,YR1992,17495000.0,2574389.0,14920611.0
AUS,YR1996,18311000.0,2789315.0,15521685.0
AUS,YR2000,19153000.0,3019470.0,16133530.0
AUS,YR2004,20127400.0,3127194.0,17000206.0
AUS,YR2008,21249200.0,3199492.0,18049708.0
AUS,YR2012,22742475.0,3319947.0,19422528.0
AUS,YR2016,24210809.0,3437935.0,20772874.0
AUT,YR1992,7840709.0,2946774.0,4893935.0
AUT,YR1996,7959017.0,3078548.0,4880469.0
AUT,YR2000,8011566.0,3187562.0,4824004.0
AUT,YR2004,8171966.0,3342824.0,4829142.0
AUT,YR2008,8321496.0,3497858.0,4823638.0
AUT,YR2012,8429991.0,3612504.0,4817487.0
AUT,YR2016,8736668.0,3677700.0,5058968.0
AZE,YR1992,7382000.0,3459796.0,3922204.0
AZE,YR1996,7763000.0,3734314.0,4028686.0
AZE,YR2000,8048600.0,3912746.0,4135854.0
AZE,YR2004,8306500.0,3971421.0,4335079.0
AZE,YR2008,8763400.0,4119674.0,4643726.0
AZE,YR2012,9295784.0,4286937.0,5008847.0
AZE,YR2016,9757812.0,4388966.0,5368846.0
BDI,YR1992,5661139.0,5285409.0,375730.0
BDI,YR1996,6041112.0,5593345.0,447767.0
BDI,YR2000,6400706.0,5872904.0,527802.0
BDI,YR2004,7182451.0,6526047.0,656404.0
BDI,YR2008,8212264.0,7381347.0,830917.0
BDI,YR2012,9319710.0,8276462.0,1043248.0
BDI,YR2016,10524117.0,9220389.0,1303728.0
BEL,YR1992,10045158.0,347362.0,9697796.0
BEL,YR1996,10156637.0,319832.0,9836805.0
BEL,YR2000,10251250.0,294313.0,9956937.0
BEL,YR2004,10421137.0,276160.0,10144977.0
BEL,YR2008,10709973.0,261859.0,10448114.0
BEL,YR2012,11128246.0,251053.0,10877193.0
BEL,YR2016,11331422.0,235807.0,11095615.0
BEN,YR1992,5331803.0,3421578.0,1910225.0
BEN,YR1996,6094259.0,3835056.0,2259203.0
BEN,YR2000,6865951.0,4234026.0,2631925.0
BEN,YR2004,7750004.0,4646980.0,3103024.0
BEN,YR2008,8696916.0,5038210.0,3658706.0
BEN,YR2012,9729160.0,5436168.0,4292992.0
BEN,YR2016,10872298.0,5846143.0,5026155.0
BFA,YR1992,9297113.0,7964837.0,1332276.0
BFA,YR1996,10372745.0,8774616.0,1598129.0
BFA,YR2000,11607942.0,9536621.0,2071321.0
BFA,YR2004,13030569.0,10325814.0,2704755.0
BFA,YR2008,14689726.0,11232646.0,3457080.0
BFA,YR2012,16571216.0,12301311.0,4269905.0
BFA,YR2016,18646433.0,13400446.0,5245987.0
BGD,YR1992,111221938.0,88299097.0,22922841.0
BGD,YR1996,121269645.0,94512711.0,26756934.0
BGD,YR2000,131581243.0,100541228.0,31040015.0
BGD,YR2004,141307489.0,104406451.0,36901038.0
BGD,YR2008,148805814.0,105699746.0,43106068.0
BGD,YR2012,155727053.0,105905297.0,49821756.0
BGD,YR2016,162951560.0,105783264.0,57168296.0
BGR,YR1992,8540164.0,2813472.0,5726692.0
BGR,YR1996,8362826.0,2675519.0,5687307.0
BGR,YR2000,8170172.0,2541005.0,5629167.0
BGR,YR2004,7716860.0,2297078.0,5419782.0
BGR,YR2008,7492561.0,2126239.0,5366322.0
BGR,YR2012,7305888.0,1974416.0,5331472.0
BGR,YR2016,7127822.0,1829783.0,5298039.0
BHR,YR1992,523087.0,60689.0,462398.0
BHR,YR1996,578668.0,67212.0,511456.0
BHR,YR2000,664614.0,77281.0,587333.0
BHR,YR2004,829848.0,96271.0,733577.0
BHR,YR2008,1114590.0,127843.0,986747.0
BHR,YR2012,1300217.0,146118.0,1154099.0
BHR,YR2016,1425171.0,155486.0,1269685.0
BHS,YR1992,266134.0,52447.0,213687.0
BHS,YR1996,283790.0,53409.0,230381.0
BHS,YR2000,297890.0,53599.0,244291.0
BHS,YR2004,322526.0,57487.0,265039.0
BHS,YR2008,348676.0,61566.0,287110.0
BHS,YR2012,372039.0,64988.0,307051.0
BHS,YR2016,391232.0,67167.0,324065.0
BIH,YR1992,4239154.0,2548283.0,1690871.0
BIH,YR1996,3780378.0,2225509.0,1554869.0
BIH,YR2000,3766706.0,2170225.0,1596481.0
BIH,YR2004,3781287.0,2130831.0,1650456.0
BIH,YR2008,3763599.0,2072990.0,1690609.0
BIH,YR2012,3648200.0,1962768.0,1685432.0
BIH,YR2016,3516816.0,1845695.0,1671121.0
BLR,YR1992,10216000.0,3395185.0,6820815.0
BLR,YR1996,10160000.0,3219907.0,6940093.0
BLR,YR2000,9979610.0,2996577.0,6983033.0
BLR,YR2004,9730146.0,2735436.0,6994710.0
BLR,YR2008,9527985.0,2503383.0,7024602.0
BLR,YR2012,9464495.0,2300156.0,7164339.0
BLR,YR2016,9501534.0,2122548.0,7378986.0
BLZ,YR1992,194317.0,102873.0,91444.0
BLZ,YR1996,213676.0,114928.0,98748.0
BLZ,YR2000,247315.0,135039.0,112276.0
BLZ,YR2004,276089.0,150938.0,125151.0
BLZ,YR2008,306165.0,167589.0,138576.0
BLZ,YR2012,336701.0,184357.0,152344.0
BLZ,YR2016,366954.0,200008.0,166946.0
BMU,YR1992,58595.0,0.0,58595.0
BMU,YR1996,60129.0,0.0,60129.0
BMU,YR2000,61833.0,0.0,61833.0
BMU,YR2004,63740.0,0.0,63740.0
BMU,YR2008,65273.0,0.0,65273.0
BMU,YR2012,64798.0,0.0,64798.0
BMU,YR2016,65341.0,0.0,65341.0
BOL,YR1992,7131707.0,3028051.0,4103656.0
BOL,YR1996,7717443.0,3111519.0,4605924.0
BOL,YR2000,8339512.0,3186778.0,5152734.0
BOL,YR2004,8967741.0,3254304.0,5713437.0
BOL,YR2008,9599855.0,3308590.0,6291265.0
BOL,YR2012,10239004.0,3346618.0,6892386.0
BOL,YR2016,10887882.0,3403770.0,7484112.0
BRA,YR1992,154564278.0,37954804.0,116609474.0
BRA,YR1996,164913306.0,35782889.0,129130417.0
BRA,YR2000,175287587.0,32968089.0,142319498.0
BRA,YR2004,184738458.0,32290435.0,152448023.0
BRA,YR2008,192979029.0,31361022.0,161618007.0
BRA,YR2012,200560983.0,30238579.0,170322404.0
BRA,YR2016,207652865.0,28984187.0,178668678.0
BRB,YR1992,262184.0,166112.0,96072.0
BRB,YR1996,265942.0,172304.0,93638.0
BRB,YR2000,269847.0,178566.0,91281.0
BRB,YR2004,273091.0,182870.0,90221.0
BRB,YR2008,277319.0,187867.0,89452.0
BRB,YR2012,281585.0,192736.0,88849.0
BRB,YR2016,284996.0,196097.0,88899.0
BRN,YR1992,273963.0,90194.0,183769.0
BRN,YR1996,304699.0,93975.0,210724.0
BRN,YR2000,333241.0,96093.0,237148.0
BRN,YR2004,359523.0,97812.0,261711.0
BRN,YR2008,379252.0,97650.0,281602.0
BRN,YR2012,399748.0,97315.0,302433.0
BRN,YR2016,423196.0,97377.0,325819.0
BTN,YR1992,531525.0,436052.0,95473.0
BTN,YR1996,519282.0,407865.0,111417.0
BTN,YR2000,573416.0,427665.0,145751.0
BTN,YR2004,640282.0,449254.0,191028.0
BTN,YR2008,700950.0,467982.0,232968.0
BTN,YR2012,752967.0,479105.0,273862.0
BTN,YR2016,797765.0,483222.0,314543.0
BWA,YR1992,1455833.0,779700.0,676133.0
BWA,YR1996,1604060.0,804757.0,799303.0
BWA,YR2000,1728340.0,808535.0,919805.0
BWA,YR2004,1829330.0,814271.0,1015059.0
BWA,YR2008,1946351.0,789362.0,1156989.0
BWA,YR2012,2089315.0,736107.0,1353208.0
BWA,YR2016,2250260.0,721591.0,1528669.0
CAF,YR1992,3095807.0,1950761.0,1145046.0
CAF,YR1996,3435821.0,2153847.0,1281974.0
CAF,YR2000,3754986.0,2341647.0,1413339.0
CAF,YR2004,4055036.0,2515501.0,1539535.0
CAF,YR2008,4345386.0,2672152.0,1673234.0
CAF,YR2012,4490416.0,2721731.0,1768685.0
CAF,YR2016,4594621.0,2728378.0,1866243.0
CAN,YR1992,28519597.0,6591734.0,21927863.0
CAN,YR1996,29671900.0,6542357.0,23129543.0
CAN,YR2000,30769700.0,6314558.0,24455142.0
CAN,YR2004,31995000.0,6384602.0,25610398.0
CAN,YR2008,33245773.0,6456994.0,26788779.0
CAN,YR2012,34750545.0,6554995.0,28195550.0
CAN,YR2016,36264604.0,6781481.0,29483123.0
CHE,YR1992,6875364.0,1800314.0,5075050.0
CHE,YR1996,7071850.0,1866968.0,5204882.0
CHE,YR2000,7184250.0,1912232.0,5272018.0
CHE,YR2004,7389625.0,1961798.0,5427827.0
CHE,YR2008,7647675.0,2022351.0,5625324.0
CHE,YR2012,7996861.0,2106933.0,5889928.0
CHE,YR2016,8373338.0,2198922.0,6174416.0
CHI,YR1992,142258.0,98050.0,44208.0
CHI,YR1996,144829.0,100801.0,44028.0
CHI,YR2000,148725.0,103416.0,45309.0
CHI,YR2004,153170.0,106176.0,46994.0
CHI,YR2008,157581.0,108843.0,48738.0
CHI,YR2012,161358.0,111242.0,50116.0
CHI,YR2016,164541.0,113648.0,50893.0
CHL,YR1992,13671033.0,2246971.0,11424062.0
CHL,YR1996,14497826.0,2194826.0,12303000.0
CHL,YR2000,15262754.0,2125644.0,13137110.0
CHL,YR2004,15973778.0,2120519.0,13853259.0
CHL,YR2008,16661942.0,2172884.0,14489058.0
CHL,YR2012,17309746.0,2217552.0,15092194.0
CHL,YR2016,17909754.0,2252689.0,15657065.0
CHN,YR1992,1164970000.0,836448460.0,328521540.0
CHN,YR1996,1217550000.0,828956742.0,388593258.0
CHN,YR2000,1262645000.0,809645853.0,452999147.0
CHN,YR2004,1296075000.0,762817902.0,533257098.0
CHN,YR2008,1324655000.0,708173810.0,616481190.0
CHN,YR2012,1350695000.0,651507733.0,699187267.0
CHN,YR2016,1378665000.0,596465626.0,782199374.0
CIV,YR1992,13163019.0,7886228.0,5276791.0
CIV,YR1996,14995249.0,8759175.0,6236074.0
CIV,YR2000,16686561.0,9485476.0,7201085.0
CIV,YR2004,17997738.0,9931692.0,8066046.0
CIV,YR2008,19497986.0,10433177.0,9064809.0
CIV,YR2012,21418603.0,11100834.0,10317769.0
CIV,YR2016,23695919.0,11876158.0,11819761.0
CMR,YR1992,12408931.0,7343978.0,5064953.0
CMR,YR1996,13812472.0,7850457.0,5962015.0
CMR,YR2000,15274234.0,8318042.0,6956192.0
CMR,YR2004,16959081.0,8828898.0,8130183.0
CMR,YR2008,18907008.0,9387329.0,9519679.0
CMR,YR2012,21082383.0,9957420.0,11124963.0
CMR,YR2016,23439189.0,10505679.0,12933510.0
COD,YR1992,37346147.0,25579870.0,11766277.0
COD,YR1996,42770544.0,28532658.0,14237886.0
COD,YR2000,47076387.0,30542218.0,16534169.0
COD,YR2004,53034217.0,33411557.0,19622660.0
COD,YR2008,60373608.0,36842391.0,23531217.0
COD,YR2012,68978682.0,40640860.0,28337822.0
COD,YR2016,78736153.0,44637887.0,34098266.0
COG,YR1992,2577035.0,1155491.0,1421544.0
COG,YR1996,2879222.0,1242903.0,1636319.0
COG,YR2000,3225727.0,1332387.0,1893340.0
COG,YR2004,3605439.0,1422959.0,2182480.0
COG,YR2008,4115435.0,1549626.0,2565809.0
COG,YR2012,4633363.0,1660180.0,2973183.0
COG,YR2016,5125821.0,1742728.0,3383093.0
COL,YR1992,35558682.0,10520036.0,25038646.0
COL,YR1996,38049038.0,10568881.0,27480157.0
COL,YR2000,40403958.0,10522403.0,29881555.0
COL,YR2004,42724163.0,10416151.0,32308012.0
COL,YR2008,44901544.0,10235756.0,34665788.0
COL,YR2012,46881475.0,9985285.0,36896190.0
COL,YR2016,48653419.0,9678138.0,38975281.0
COM,YR1992,436448.0,312344.0,124104.0
COM,YR1996,488627.0,350556.0,138071.0
COM,YR2000,542357.0,390063.0,152294.0
COM,YR2004,597228.0,430583.0,166645.0
COM,YR2008,657229.0,473954.0,183275.0
COM,YR2012,723868.0,520295.0,203573.0
COM,YR2016,795601.0,567908.0,227693.0
CPV,YR1992,359090.0,194006.0,165084.0
CPV,YR1996,398773.0,200567.0,198206.0
CPV,YR2000,435079.0,202595.0,232484.0
CPV,YR2004,467664.0,201816.0,265848.0
CPV,YR2008,491723.0,195735.0,295988.0
CPV,YR2012,513979.0,191092.0,322887.0
CPV,YR2016,539560.0,190011.0,349549.0
CRI,YR1992,3257466.0,1569056.0,1688410.0
CRI,YR1996,3596732.0,1601733.0,1994999.0
CRI,YR2000,3925443.0,1607390.0,2318053.0
CRI,YR2004,4187038.0,1491088.0,2695950.0
CRI,YR2008,4429508.0,1355872.0,3073636.0
CRI,YR2012,4654122.0,1212585.0,3441537.0
CRI,YR2016,4857274.0,1081472.0,3775802.0
CUB,YR1992,10733363.0,2809243.0,7924120.0
CUB,YR1996,10961012.0,2803169.0,8157843.0
CUB,YR2000,11150736.0,2751667.0,8399069.0
CUB,YR2004,11266941.0,2699446.0,8567495.0
CUB,YR2008,11309754.0,2667632.0,8642122.0
CUB,YR2012,11382146.0,2642820.0,8739326.0
CUB,YR2016,11475982.0,2647509.0,8828473.0
CUW,YR1992,143912.0,20948.0,122964.0
CUW,YR1996,146306.0,17033.0,129273.0
CUW,YR2000,133860.0,12379.0,121481.0
CUW,YR2004,134192.0,12540.0,121652.0
CUW,YR2008,145880.0,14353.0,131527.0
CUW,YR2012,152088.0,15735.0,136353.0
CUW,YR2016,159663.0,17129.0,142534.0
CYM,YR1992,27404.0,0.0,27404.0
CYM,YR1996,33536.0,0.0,33536.0
CYM,YR2000,41687.0,0.0,41687.0
CYM,YR2004,47299.0,0.0,47299.0
CYM,YR2008,52926.0,0.0,52926.0
CYM,YR2012,57523.0,0.0,57523.0
CYM,YR2016,60765.0,0.0,60765.0
CYP,YR1992,800609.0,259413.0,541196.0
CYP,YR1996,873423.0,278089.0,595334.0
CYP,YR2000,943286.0,295739.0,647547.0
CYP,YR2004,1010410.0,319189.0,691221.0
CYP,YR2008,1081563.0,347841.0,733722.0
CYP,YR2012,1135062.0,371608.0,763454.0
CYP,YR2016,1170125.0,387534.0,782591.0
CZE,YR1992,10319123.0,2576685.0,7742438.0
CZE,YR1996,10315241.0,2629045.0,7686196.0
CZE,YR2000,10255063.0,2667547.0,7587516.0
CZE,YR2004,10197101.0,2684795.0,7512306.0
CZE,YR2008,10384603.0,2762927.0,7621676.0
CZE,YR2012,10510785.0,2817206.0,7693579.0
CZE,YR2016,10566332.0,2792682.0,7773650.0
DEU,YR1992,80624598.0,21478393.0,59146205.0
DEU,YR1996,81914831.0,21188909.0,60725922.0
DEU,YR2000,82211508.0,20581651.0,61629857.0
DEU,YR2004,82516260.0,19986263.0,62529997.0
DEU,YR2008,82110097.0,19234290.0,62875807.0
DEU,YR2012,80425823.0,18361215.0,62064608.0
DEU,YR2016,82348669.0,18755733.0,63592936.0
DJI,YR1992,615054.0,146623.0,468431.0
DJI,YR1996,643682.0,152250.0,491432.0
DJI,YR2000,717584.0,168403.0,549181.0
DJI,YR2004,770752.0,179462.0,591290.0
DJI,YR2008,822934.0,190106.0,632828.0
DJI,YR2012,881185.0,201457.0,679728.0
DJI,YR2016,942333.0,211761.0,730572.0
DMA,YR1992,70970.0,25145.0,45825.0
DMA,YR1996,71145.0,24959.0,46186.0
DMA,YR2000,69676.0,24202.0,45474.0
DMA,YR2004,70379.0,23718.0,46661.0
DMA,YR2008,71074.0,23098.0,47976.0
DMA,YR2012,72044.0,22561.0,49483.0
DMA,YR2016,73543.0,22151.0,51392.0
DNK,YR1992,5171370.0,780980.0,4390390.0
DNK,YR1996,5263074.0,789145.0,4473929.0
DNK,YR2000,5339616.0,795603.0,4544013.0
DNK,YR2004,5404523.0,780089.0,4624434.0
DNK,YR2008,5493621.0,742353.0,4751268.0
DNK,YR2012,5591572.0,718964.0,4872608.0
DNK,YR2016,5728010.0,707867.0,5020143.0
DOM,YR1992,7468551.0,3303564.0,4164987.0
DOM,YR1996,8029113.0,3336819.0,4692294.0
DOM,YR2000,8562622.0,3274946.0,5287676.0
DOM,YR2004,9102998.0,3094746.0,6008252.0
DOM,YR2008,9636520.0,2765681.0,6870839.0
DOM,YR2012,10154950.0,2457295.0,7697655.0
DOM,YR2016,10648791.0,2189817.0,8458974.0
DZA,YR1992,27181094.0,12596534.0,14584560.0
DZA,YR1996,29411415.0,12713378.0,16698037.0
DZA,YR2000,31183660.0,12498723.0,18684937.0
DZA,YR2004,32831096.0,12127479.0,20703617.0
DZA,YR2008,34860715.0,11818828.0,23041887.0
DZA,YR2012,37565847.0,11677344.0,25888503.0
DZA,YR2016,40606052.0,11589373.0,29016679.0
EAP,YR1992,1651934416.0,1161577376.0,490357040.0
EAP,YR1996,1738422945.0,1164352939.0,574070006.0
EAP,YR2000,1815956211.0,1151882863.0,664073348.0
EAP,YR2004,1880346879.0,1110162074.0,770184805.0
EAP,YR2008,1938363936.0,1058117482.0,880246454.0
EAP,YR2012,1994651365.0,1003709844.0,990941521.0
EAP,YR2016,2053299126.0,950969901.0,1102329225.0
EAS,YR1992,1871898268.0,1210079794.0,661818474.0
EAS,YR1996,1964635058.0,1211879686.0,752755372.0
EAS,YR2000,2047150745.0,1199093459.0,848057286.0
EAS,YR2004,2115557365.0,1149308624.0,966248741.0
EAS,YR2008,2177421759.0,1091163156.0,1086258603.0
EAS,YR2012,2237082761.0,1034027272.0,1203055489.0
EAS,YR2016,2298726779.0,980977655.0,1317749124.0
ECA,YR1992,389011005.0,142175087.0,244903918.0
ECA,YR1996,391791161.0,142051688.0,247680473.0
ECA,YR2000,392657969.0,141323489.0,249634480.0
ECA,YR2004,392625999.0,138887432.0,252033945.0
ECA,YR2008,395304586.0,136758272.0,256798931.0
ECA,YR2012,403439691.0,136812749.0,264821742.0
ECA,YR2016,413234935.0,137504922.0,273913813.0
ECS,YR1992,849656745.0,272701353.0,575023392.0
ECS,YR1996,857652705.0,271540898.0,584052807.0
ECS,YR2000,862304086.0,269236600.0,591367486.0
ECS,YR2004,870030756.0,264928077.0,603398057.0
ECS,YR2008,881965815.0,261037549.0,619180883.0
ECS,YR2012,894679968.0,258120760.0,634754008.0
ECS,YR2016,911686319.0,256600558.0,653269561.0
ECU,YR1992,10705667.0,4686299.0,6019368.0
ECU,YR1996,11683479.0,4874698.0,6808781.0
ECU,YR2000,12628596.0,5013679.0,7614917.0
ECU,YR2004,13509647.0,5199323.0,8310324.0
ECU,YR2008,14447562.0,5446731.0,9000831.0
ECU,YR2012,15419666.0,5707127.0,9712539.0
ECU,YR2016,16385068.0,5974979.0,10410089.0
EGY,YR1992,60035536.0,34092980.0,25942556.0
EGY,YR1996,64933456.0,37219208.0,27714248.0
EGY,YR2000,69905988.0,39988322.0,29917666.0
EGY,YR2004,75381899.0,42982005.0,32399894.0
EGY,YR2008,80953881.0,46096759.0,34857122.0
EGY,YR2012,87813257.0,50100976.0,37712281.0
EGY,YR2016,95688681.0,54798994.0,40889687.0
EMU,YR1992,314162056.0,89435630.0,224726426.0
EMU,YR1996,318003015.0,88302202.0,229700813.0
EMU,YR2000,321310787.0,86939737.0,234371050.0
EMU,YR2004,327682507.0,85568128.0,242114379.0
EMU,YR2008,334274730.0,84159854.0,250114876.0
EMU,YR2012,336180504.0,81607517.0,254572987.0
EMU,YR2016,340617355.0,79860086.0,260757269.0
ERI,YR1992,3118582.0,2485697.0,632885.0
ERI,YR1996,3116379.0,2390481.0,725898.0
ERI,YR2000,3392801.0,2490757.0,902044.0
ERI,YR2004,3858623.0,2694708.0,1163915.0
ERI,YR2008,4232636.0,2793540.0,1439096.0
ERI,YR2012,,2902058.0,1658919.0
ERI,YR2016,,3030905.0,1923740.0
ESP,YR1992,39157685.0,9550559.0,29607126.0
ESP,YR1996,39889852.0,9598296.0,30291556.0
ESP,YR2000,40567864.0,9630000.0,30937864.0
ESP,YR2004,42921895.0,9862593.0,33059302.0
ESP,YR2008,45954106.0,10120932.0,35833174.0
ESP,YR2012,46773055.0,9868179.0,36904876.0
ESP,YR2016,46484062.0,9371187.0,37112875.0
EST,YR1992,1533091.0,446743.0,1086348.0
EST,YR1996,1415594.0,423107.0,992487.0
EST,YR2000,1396985.0,427924.0,969061.0
EST,YR2004,1362550.0,424271.0,938279.0
EST,YR2008,1337090.0,423176.0,913914.0
EST,YR2012,1322696.0,423607.0,899089.0
EST,YR2016,1315790.0,413645.0,902145.0
ETH,YR1992,51647768.0,44873647.0,6774121.0
ETH,YR1996,59155148.0,50869878.0,8285270.0
ETH,YR2000,66537331.0,56729728.0,9807603.0
ETH,YR2004,74624405.0,63054637.0,11569768.0
ETH,YR2008,83184892.0,69451066.0,13733826.0
ETH,YR2012,92444183.0,75656319.0,16787864.0
ETH,YR2016,102403196.0,82059777.0,20343419.0
EUU,YR1992,480438474.0,140607847.0,339830627.0
EUU,YR1996,485000716.0,139456498.0,345544218.0
EUU,YR2000,488178832.0,137806832.0,350372000.0
EUU,YR2004,494162543.0,135197160.0,358965383.0
EUU,YR2008,501808477.0,132673924.0,369134553.0
EUU,YR2012,505117542.0,129171977.0,375945565.0
EUU,YR2016,511218960.0,126612000.0,384606960.0
FIN,YR1992,5041992.0,1001945.0,4040047.0
FIN,YR1996,5124573.0,962241.0,4162332.0
FIN,YR2000,5176209.0,922245.0,4253964.0
FIN,YR2004,5228172.0,900709.0,4327463.0
FIN,YR2008,5313399.0,887391.0,4426008.0
FIN,YR2012,5413971.0,820704.0,4593267.0
FIN,YR2016,5495303.0,809183.0,4686120.0
FJI,YR1992,744531.0,423221.0,321310.0
FJI,YR1996,784476.0,421405.0,363071.0
FJI,YR2000,811223.0,422582.0,388641.0
FJI,YR2004,818354.0,413441.0,404913.0
FJI,YR2008,843340.0,412005.0,431335.0
FJI,YR2012,873596.0,408878.0,464718.0
FJI,YR2016,898760.0,402330.0,496430.0
FRA,YR1992,58851217.0,15065323.0,43785894.0
FRA,YR1996,59753100.0,14889277.0,44863823.0
FRA,YR2000,60912500.0,14697577.0,46214923.0
FRA,YR2004,62704895.0,14495491.0,48209404.0
FRA,YR2008,64374989.0,14247473.0,50127516.0
FRA,YR2012,65659789.0,13868661.0,51791128.0
FRA,YR2016,66859768.0,13427447.0,53432321.0
FRO,YR1992,47101.0,32089.0,15012.0
FRO,YR1996,46058.0,30020.0,16038.0
FRO,YR2000,47258.0,30086.0,17172.0
FRO,YR2004,48143.0,29248.0,18895.0
FRO,YR2008,48485.0,28831.0,19654.0
FRO,YR2012,48666.0,28603.0,20063.0
FRO,YR2016,49117.0,28597.0,20520.0
FSM,YR1992,101413.0,75364.0,26049.0
FSM,YR1996,108344.0,81829.0,26515.0
FSM,YR2000,107432.0,83442.0,23990.0
FSM,YR2004,106577.0,82778.0,23799.0
FSM,YR2008,104478.0,81168.0,23310.0
FSM,YR2012,103503.0,80397.0,23106.0
FSM,YR2016,104937.0,81299.0,23638.0
GAB,YR1992,1004676.0,283831.0,720845.0
GAB,YR1996,1113994.0,271213.0,842781.0
GAB,YR2000,1231122.0,260025.0,971097.0
GAB,YR2004,1364205.0,248585.0,1115620.0
GAB,YR2008,1536411.0,240310.0,1296101.0
GAB,YR2012,1756817.0,234816.0,1522001.0
GAB,YR2016,1979786.0,226507.0,1753279.0
GBR,YR1992,57580402.0,12568650.0,45011752.0
GBR,YR1996,58166950.0,12556499.0,45610451.0
GBR,YR2000,58892514.0,12572963.0,46319551.0
GBR,YR2004,59987905.0,12220136.0,47767769.0
GBR,YR2008,61806995.0,11893520.0,49913475.0
GBR,YR2012,63700300.0,11569885.0,52130415.0
GBR,YR2016,65595565.0,11226025.0,54369540.0
GEO,YR1992,4873500.0,2214567.0,2658933.0
GEO,YR1996,4616100.0,2141870.0,2474230.0
GEO,YR2000,4418300.0,2092595.0,2325705.0
GEO,YR2004,4245000.0,1985896.0,2259104.0
GEO,YR2008,4030000.0,1822970.0,2207030.0
GEO,YR2012,3825000.0,1671410.0,2153590.0
GEO,YR2016,3719300.0,1568168.0,2151132.0
GHA,YR1992,15463854.0,9602280.0,5861574.0
GHA,YR1996,17185608.0,10157382.0,7028226.0
GHA,YR2000,18938762.0,10619153.0,8319609.0
GHA,YR2004,20986536.0,11200514.0,9786022.0
GHA,YR2008,23298640.0,11800528.0,11498112.0
GHA,YR2012,25733049.0,12333078.0,13399971.0
GHA,YR2016,28206728.0,12763826.0,15442902.0
GIB,YR1992,29379.0,0.0,29379.0
GIB,YR1996,30382.0,0.0,30382.0
GIB,YR2000,31180.0,0.0,31180.0
GIB,YR2004,31896.0,0.0,31896.0
GIB,YR2008,32732.0,0.0,32732.0
GIB,YR2012,33623.0,0.0,33623.0
GIB,YR2016,34408.0,0.0,34408.0
GIN,YR1992,6758838.0,4825743.0,1933095.0
GIN,YR1996,8132552.0,5711491.0,2421061.0
GIN,YR2000,8808546.0,6089436.0,2719110.0
GIN,YR2004,9490229.0,6455538.0,3034691.0
GIN,YR2008,10323142.0,6905563.0,3417579.0
GIN,YR2012,11281469.0,7417002.0,3864467.0
GIN,YR2016,12395924.0,8000329.0,4395595.0
GMB,YR1992,979718.0,582736.0,396982.0
GMB,YR1996,1096708.0,611327.0,485381.0
GMB,YR2000,1231844.0,642185.0,589659.0
GMB,YR2004,1398573.0,681273.0,717300.0
GMB,YR2008,1588572.0,727391.0,861181.0
GMB,YR2012,1802125.0,773022.0,1029103.0
GMB,YR2016,2038501.0,817072.0,1221429.0
GNB,YR1992,1062800.0,709196.0,353604.0
GNB,YR1996,1159060.0,756379.0,402681.0
GNB,YR2000,1243229.0,792646.0,450583.0
GNB,YR2004,1350345.0,840293.0,510052.0
GNB,YR2008,1480841.0,898500.0,582341.0
GNB,YR2012,1638139.0,968009.0,670130.0
GNB,YR2016,1815698.0,1043427.0,772271.0
GNQ,YR1992,455148.0,287808.0,167340.0
GNQ,YR1996,523999.0,302940.0,221059.0
GNQ,YR2000,614323.0,312740.0,301583.0
GNQ,YR2004,724817.0,318680.0,406137.0
GNQ,YR2008,868418.0,323529.0,544889.0
GNQ,YR2012,1038593.0,321964.0,716629.0
GNQ,YR2016,1221490.0,352546.0,868944.0
GRC,YR1992,10399061.0,2937007.0,7462054.0
GRC,YR1996,10608800.0,2945109.0,7663691.0
GRC,YR2000,10805808.0,2948257.0,7857551.0
GRC,YR2004,10955141.0,2840339.0,8114802.0
GRC,YR2008,11077841.0,2706538.0,8371303.0
GRC,YR2012,11045011.0,2539911.0,8505100.0
GRC,YR2016,10775971.0,2329011.0,8446960.0
GRD,YR1992,97198.0,64400.0,32798.0
GRD,YR1996,100796.0,65806.0,34990.0
GRD,YR2000,101619.0,65343.0,36276.0
GRD,YR2004,102656.0,65801.0,36855.0
GRD,YR2008,103930.0,66643.0,37287.0
GRD,YR2012,105481.0,67646.0,37835.0
GRD,YR2016,107317.0,68606.0,38711.0
GRL,YR1992,55300.0,10894.0,44406.0
GRL,YR1996,55900.0,10565.0,45335.0
GRL,YR2000,56200.0,10341.0,45859.0
GRL,YR2004,56911.0,9914.0,46997.0
GRL,YR2008,56328.0,9132.0,47196.0
GRL,YR2012,56810.0,8408.0,48402.0
GRL,YR2016,56186.0,7683.0,48503.0
GTM,YR1992,9708544.0,5567365.0,4141179.0
GTM,YR1996,10646674.0,5963309.0,4683365.0
GTM,YR2000,11650743.0,6369228.0,5281515.0
GTM,YR2004,12796925.0,6831510.0,5965415.0
GTM,YR2008,14006366.0,7310343.0,6696023.0
GTM,YR2012,15271056.0,7788239.0,7482817.0
GTM,YR2016,16582469.0,8238336.0,8344133.0
GUM,YR1992,136692.0,11865.0,124827.0
GUM,YR1996,148060.0,11420.0,136640.0
GUM,YR2000,155329.0,10673.0,144656.0
GUM,YR2004,158099.0,10223.0,147876.0
GUM,YR2008,159035.0,9676.0,149359.0
GUM,YR2012,159973.0,9155.0,150818.0
GUM,YR2016,162896.0,8769.0,154127.0
GUY,YR1992,748134.0,528153.0,219981.0
GUY,YR1996,761861.0,540556.0,221305.0
GUY,YR2000,753301.0,537149.0,216152.0
GUY,YR2004,751652.0,540708.0,210944.0
GUY,YR2008,746314.0,544026.0,202288.0
GUY,YR2012,753091.0,554275.0,198816.0
GUY,YR2016,773303.0,568517.0,204786.0
HIC,YR1992,1052656811.0,261564208.0,791059711.0
HIC,YR1996,1086071661.0,258674423.0,827365136.0
HIC,YR2000,1115010208.0,255463008.0,859518816.0
HIC,YR2004,1145971873.0,246212831.0,899731528.0
HIC,YR2008,1181962982.0,239433934.0,942499672.0
HIC,YR2012,1212058100.0,234299366.0,977727775.0
HIC,YR2016,1242137612.0,231641567.0,1010464096.0
HKG,YR1992,5800500.0,1218.0,5799282.0
HKG,YR1996,6435500.0,0.0,6435500.0
HKG,YR2000,6665000.0,0.0,6665000.0
HKG,YR2004,6783500.0,0.0,6783500.0
HKG,YR2008,6957800.0,0.0,6957800.0
HKG,YR2012,7150100.0,0.0,7150100.0
HKG,YR2016,7336600.0,0.0,7336600.0
HND,YR1992,5247836.0,3072713.0,2175123.0
HND,YR1996,5867849.0,3318738.0,2549111.0
HND,YR2000,6524283.0,3558474.0,2965809.0
HND,YR2004,7204153.0,3751419.0,3452734.0
HND,YR2008,7872658.0,3891770.0,3980888.0
HND,YR2012,8505646.0,3980472.0,4525174.0
HND,YR2016,9112867.0,4026703.0,5086164.0
HPC,YR1992,377879250.0,278729685.0,99149565.0
HPC,YR1996,425324425.0,308257221.0,117067204.0
HPC,YR2000,474935556.0,338703698.0,136231858.0
HPC,YR2004,532385197.0,372483210.0,159901987.0
HPC,YR2008,595849807.0,408060658.0,187789149.0
HPC,YR2012,666488623.0,444740431.0,221748192.0
HPC,YR2016,744602976.0,483646821.0,260956155.0
HRV,YR1992,4470000.0,2164016.0,2305984.0
HRV,YR1996,4494000.0,2134246.0,2359754.0
HRV,YR2000,4426000.0,2061277.0,2364723.0
HRV,YR2004,4439000.0,2035415.0,2403585.0
HRV,YR2008,4434508.0,2003555.0,2430953.0
HRV,YR2012,4267558.0,1898807.0,2368751.0
HRV,YR2016,4174349.0,1819891.0,2354458.0
HTI,YR1992,7386975.0,5111787.0,2275188.0
HTI,YR1996,7965553.0,5320989.0,2644564.0
HTI,YR2000,8549200.0,5505685.0,3043515.0
HTI,YR2004,9119178.0,5318396.0,3800782.0
HTI,YR2008,9705029.0,5284291.0,4420738.0
HTI,YR2012,10289210.0,5198418.0,5090792.0
HTI,YR2016,10847334.0,5055292.0,5792042.0
HUN,YR1992,10369341.0,3568401.0,6800940.0
HUN,YR1996,10311238.0,3600375.0,6710863.0
HUN,YR2000,10210971.0,3617236.0,6593735.0
HUN,YR2004,10107146.0,3446941.0,6660205.0
HUN,YR2008,10038188.0,3217942.0,6820246.0
HUN,YR2012,9920362.0,3008052.0,6912310.0
HUN,YR2016,9814023.0,2867756.0,6946267.0
IDN,YR1992,187766086.0,126360943.0,61405143.0
IDN,YR1996,199914831.0,125476544.0,74438287.0
IDN,YR2000,211540429.0,122689218.0,88851211.0
IDN,YR2004,223614649.0,122654871.0,100959778.0
IDN,YR2008,236159276.0,122011690.0,114147586.0
IDN,YR2012,248883232.0,121265866.0,127617366.0
IDN,YR2016,261115456.0,120141832.0,140973624.0
IMN,YR1992,69475.0,33519.0,35956.0
IMN,YR1996,70431.0,33953.0,36478.0
IMN,YR2000,72554.0,34954.0,37600.0
IMN,YR2004,75341.0,36249.0,39092.0
IMN,YR2008,78534.0,37729.0,40805.0
IMN,YR2012,81406.0,39037.0,42369.0
IMN,YR2016,83737.0,39907.0,43830.0
IND,YR1992,906021106.0,670600582.0,235420524.0
IND,YR1996,978893217.0,716383423.0,262509794.0
IND,YR2000,1053050912.0,761703316.0,291347596.0
IND,YR2004,1126135777.0,800648753.0,325487024.0
IND,YR2008,1197146906.0,835057853.0,362089053.0
IND,YR2012,1263065852.0,863507600.0,399558252.0
IND,YR2016,1324171354.0,884784815.0,439386539.0
IRL,YR1992,3558430.0,1519699.0,2038731.0
IRL,YR1996,3637510.0,1521461.0,2116049.0
IRL,YR2000,3805174.0,1554223.0,2250951.0
IRL,YR2004,4070262.0,1619883.0,2450379.0
IRL,YR2008,4489544.0,1744592.0,2744952.0
IRL,YR2012,4599533.0,1750490.0,2849043.0
IRL,YR2016,4755335.0,1771980.0,2983355.0
IRN,YR1992,58260738.0,24671675.0,33589063.0
IRN,YR1996,61583089.0,23963827.0,37619262.0
IRN,YR2000,66131854.0,23779692.0,42352162.0
IRN,YR2004,69617100.0,23064841.0,46552259.0
IRN,YR2008,72845542.0,22248485.0,50597057.0
IRN,YR2012,76453574.0,21594312.0,54859262.0
IRN,YR2016,80277428.0,20968464.0,59308964.0
IRQ,YR1992,18458187.0,5659834.0,12798353.0
IRQ,YR1996,20845893.0,6547070.0,14298823.0
IRQ,YR2000,23565413.0,7424048.0,16141365.0
IRQ,YR2004,26316609.0,8233941.0,18082668.0
IRQ,YR2008,29111417.0,9045791.0,20065626.0
IRQ,YR2012,32776571.0,10019142.0,22757429.0
IRQ,YR2016,37202572.0,11125801.0,26076771.0
ISL,YR1992,261057.0,23203.0,237854.0
ISL,YR1996,268916.0,22059.0,246857.0
ISL,YR2000,281205.0,21369.0,259836.0
ISL,YR2004,292074.0,20696.0,271378.0
ISL,YR2008,317414.0,20965.0,296449.0
ISL,YR2012,320716.0,20526.0,300190.0
ISL,YR2016,335439.0,21015.0,314424.0
ISR,YR1992,5123000.0,483355.0,4639645.0
ISR,YR1996,5692000.0,515524.0,5176476.0
ISR,YR2000,6289000.0,553243.0,5735757.0
ISR,YR2004,6809000.0,581761.0,6227239.0
ISR,YR2008,7308800.0,606484.0,6702316.0
ISR,YR2012,7910500.0,636004.0,7274496.0
ISR,YR2016,8546000.0,661802.0,7884198.0
ITA,YR1992,56797087.0,18889575.0,37907512.0
ITA,YR1996,56860281.0,18774128.0,38086153.0
ITA,YR2000,56942108.0,18664484.0,38277624.0
ITA,YR2004,57685327.0,18678509.0,39006818.0
ITA,YR2008,58826731.0,18770433.0,40056298.0
ITA,YR2012,59539717.0,18645458.0,40894259.0
ITA,YR2016,60627498.0,18276159.0,42351339.0
JAM,YR1992,2465362.0,1235245.0,1230117.0
JAM,YR1996,2561993.0,1259091.0,1302902.0
JAM,YR2000,2656864.0,1280236.0,1376628.0
JAM,YR2004,2728777.0,1292758.0,1436019.0
JAM,YR2008,2790122.0,1301006.0,1489116.0
JAM,YR2012,2840992.0,1303106.0,1537886.0
JAM,YR2016,2881355.0,1293786.0,1587569.0
JOR,YR1992,3968198.0,968796.0,2999402.0
JOR,YR1996,4716373.0,1027226.0,3689147.0
JOR,YR2000,5103130.0,1108910.0,3994220.0
JOR,YR2004,5535595.0,1200062.0,4335533.0
JOR,YR2008,6489822.0,1058360.0,5431462.0
JOR,YR2012,7992573.0,944322.0,7048251.0
JOR,YR2016,9455802.0,897734.0,8558068.0
JPN,YR1992,124229000.0,27814873.0,96414127.0
JPN,YR1996,125757000.0,27484192.0,98272808.0
JPN,YR2000,126843000.0,27082249.0,99760751.0
JPN,YR2004,127761000.0,19624090.0,108136910.0
JPN,YR2008,128063000.0,13955025.0,114107975.0
JPN,YR2012,127629000.0,11297719.0,116331281.0
JPN,YR2016,126994511.0,10849141.0,116145370.0
KAZ,YR1992,16439095.0,7219557.0,9219538.0
KAZ,YR1996,15577894.0,6863153.0,8714741.0
KAZ,YR2000,14883626.0,6534209.0,8349417.0
KAZ,YR2004,15012985.0,6547163.0,8465822.0
KAZ,YR2008,15674000.0,6789663.0,8884337.0
KAZ,YR2012,16792089.0,7225132.0,9566957.0
KAZ,YR2016,17794055.0,7604467.0,10189588.0
KEN,YR1992,24963953.0,20634704.0,4329249.0
KEN,YR1996,28147734.0,22918167.0,5229567.0
KEN,YR2000,31450483.0,25194353.0,6256130.0
KEN,YR2004,35074931.0,27600463.0,7474468.0
KEN,YR2008,39148416.0,30222577.0,8925839.0
KEN,YR2012,43646629.0,33007327.0,10639302.0
KEN,YR2016,48461567.0,35810675.0,12650892.0
KGZ,YR1992,4515400.0,2835536.0,1679864.0
KGZ,YR1996,4628400.0,2959121.0,1669279.0
KGZ,YR2000,4898400.0,3169363.0,1729037.0
KGZ,YR2004,5104700.0,3303149.0,1801551.0
KGZ,YR2008,5318700.0,3441997.0,1876703.0
KGZ,YR2012,5607200.0,3620962.0,1986238.0
KGZ,YR2016,6079500.0,3894285.0,2185215.0
KHM,YR1992,9621504.0,8059549.0,1561955.0
KHM,YR1996,10980273.0,9038631.0,1941642.0
KHM,YR2000,12152354.0,9893717.0,2258637.0
KHM,YR2004,13063377.0,10574151.0,2489226.0
KHM,YR2008,13880509.0,11163955.0,2716554.0
KHM,YR2012,14776866.0,11668257.0,3108609.0
KHM,YR2016,15762370.0,12202912.0,3559458.0
KIR,YR1992,74769.0,48185.0,26584.0
KIR,YR1996,78907.0,49407.0,29500.0
KIR,YR2000,84406.0,48147.0,36259.0
KIR,YR2004,90542.0,51127.0,39415.0
KIR,YR2008,98440.0,53447.0,44993.0
KIR,YR2012,106613.0,54285.0,52328.0
KIR,YR2016,114395.0,54395.0,60000.0
KNA,YR1992,41361.0,27181.0,14180.0
KNA,YR1996,43373.0,28832.0,14541.0
KNA,YR2000,45374.0,30501.0,14873.0
KNA,YR2004,47971.0,32539.0,15432.0
KNA,YR2008,50332.0,34426.0,15906.0
KNA,YR2012,52591.0,36255.0,16336.0
KNA,YR2016,54821.0,37942.0,16879.0
KOR,YR1992,43747962.0,10578257.0,33169705.0
KOR,YR1996,45524681.0,9714056.0,35810625.0
KOR,YR2000,47008111.0,9579783.0,37428328.0
KOR,YR2004,48082519.0,9134717.0,38947802.0
KOR,YR2008,49054708.0,8960824.0,40093884.0
KOR,YR2012,50199853.0,9110771.0,41089082.0
KOR,YR2016,51245707.0,9448683.0,41797024.0
KWT,YR1992,,,
KWT,YR1996,1631740.0,27332.0,1604408.0
KWT,YR2000,2050741.0,20507.0,2030234.0
KWT,YR2004,2207939.0,0.0,2207939.0
KWT,YR2008,2652340.0,0.0,2652340.0
KWT,YR2012,3395556.0,0.0,3395556.0
KWT,YR2016,4052584.0,0.0,4052584.0
LAC,YR1992,402540526.0,121478986.0,281061540.0
LAC,YR1996,431868811.0,121265013.0,310603798.0
LAC,YR2000,459908706.0,119909062.0,339999644.0
LAC,YR2004,485921455.0,119658643.0,366262812.0
LAC,YR2008,511896377.0,119366180.0,392530197.0
LAC,YR2012,537645733.0,118815324.0,418830409.0
LAC,YR2016,562254848.0,117811772.0,444443076.0
LAO,YR1992,4502363.0,3775997.0,726366.0
LAO,YR1996,4957180.0,4053288.0,903892.0
LAO,YR2000,5329304.0,4158083.0,1171221.0
LAO,YR2004,5664605.0,4178099.0,1486506.0
LAO,YR2008,6052190.0,4303531.0,1748659.0
LAO,YR2012,6415169.0,4409531.0,2005638.0
LAO,YR2016,6758353.0,4478355.0,2279998.0
LBN,YR1992,2821862.0,456634.0,2365228.0
LBN,YR1996,3070960.0,456283.0,2614677.0
LBN,YR2000,3235366.0,452951.0,2782415.0
LBN,YR2004,3863267.0,521773.0,3341494.0
LBN,YR2008,4111047.0,532709.0,3578338.0
LBN,YR2012,4916404.0,607864.0,4308540.0
LBN,YR2016,6006668.0,704822.0,5301846.0
LBR,YR1992,2022729.0,909844.0,1112885.0
LBR,YR1996,2191179.0,1249761.0,941418.0
LBR,YR2000,2884522.0,1605785.0,1278737.0
LBR,YR2004,3176414.0,1724602.0,1451812.0
LBR,YR2008,3662993.0,1938163.0,1724830.0
LBR,YR2012,4181563.0,2150034.0,2031529.0
LBR,YR2016,4613823.0,2295192.0,2318631.0
LBY,YR1992,4651004.0,1124055.0,3526949.0
LBY,YR1996,5035884.0,1206195.0,3829689.0
LBY,YR2000,5355751.0,1264653.0,4091098.0
LBY,YR2004,5704759.0,1316715.0,4388044.0
LBY,YR2008,6053078.0,1353952.0,4699126.0
LBY,YR2012,6198258.0,1331882.0,4866376.0
LBY,YR2016,6293253.0,1287600.0,5005653.0
LCA,YR1992,141925.0,100243.0,41682.0
LCA,YR1996,149004.0,106441.0,42563.0
LCA,YR2000,156949.0,113358.0,43591.0
LCA,YR2004,162251.0,123095.0,39156.0
LCA,YR2008,169220.0,135154.0,34066.0
LCA,YR2012,174835.0,142578.0,32257.0
LCA,YR2016,178015.0,144979.0,33036.0
LCN,YR1992,461466819.0,130564546.0,330869381.0
LCN,YR1996,493920488.0,130205711.0,363682675.0
LCN,YR2000,524829251.0,128644890.0,396155977.0
LCN,YR2004,553563090.0,128359944.0,425175632.0
LCN,YR2008,582179826.0,128084197.0,454066253.0
LCN,YR2012,610547919.0,127555717.0,482961243.0
LCN,YR2016,637663890.0,126566781.0,511065160.0
LDC,YR1992,539720450.0,419173419.0,120547031.0
LDC,YR1996,600926162.0,458410278.0,142515884.0
LDC,YR2000,664804763.0,498490673.0,166314090.0
LDC,YR2004,735796583.0,539439473.0,196357110.0
LDC,YR2008,809730997.0,579298960.0,230432037.0
LDC,YR2012,890423474.0,619179579.0,271243895.0
LDC,YR2016,979387925.0,661073061.0,318314864.0
LIC,YR1992,373402947.0,282195657.0,91207290.0
LIC,YR1996,418317960.0,311380346.0,106937614.0
LIC,YR2000,465631330.0,341602130.0,124029200.0
LIC,YR2004,519630935.0,375111436.0,144519499.0
LIC,YR2008,580229110.0,411236147.0,168992963.0
LIC,YR2012,644901894.0,447871737.0,197030157.0
LIC,YR2016,714022293.0,485434140.0,228588153.0
LIE,YR1992,29497.0,24560.0,4937.0
LIE,YR1996,31325.0,26222.0,5103.0
LIE,YR2000,33286.0,28250.0,5036.0
LIE,YR2004,34596.0,29478.0,5118.0
LIE,YR2008,35541.0,30361.0,5180.0
LIE,YR2012,36545.0,31295.0,5250.0
LIE,YR2016,37666.0,32279.0,5387.0
LKA,YR1992,17740637.0,14457910.0,3282727.0
LKA,YR1996,18372120.0,14983934.0,3388186.0
LKA,YR2000,18781938.0,15329818.0,3452120.0
LKA,YR2004,19372538.0,15823683.0,3548855.0
LKA,YR2008,19945832.0,16304321.0,3641511.0
LKA,YR2012,20425000.0,16708467.0,3716533.0
LKA,YR2016,21203000.0,17320519.0,3882481.0
LMC,YR1992,1962374702.0,1364767292.0,595675410.0
LMC,YR1996,2121803515.0,1449595743.0,670148772.0
LMC,YR2000,2280235216.0,1529611972.0,748923244.0
LMC,YR2004,2439908661.0,1600612263.0,837591776.0
LMC,YR2008,2599821177.0,1663392520.0,934681274.0
LMC,YR2012,2764105969.0,1721616413.0,1040684356.0
LMC,YR2016,2931075528.0,1773670511.0,1155588817.0
LMY,YR1992,4407097054.0,2808265853.0,1596899201.0
LMY,YR1996,4710560456.0,2915927582.0,1792573874.0
LMY,YR2000,5006672528.0,3006360588.0,1998611940.0
LMY,YR2004,5293853508.0,3059618551.0,2232530335.0
LMY,YR2008,5584333697.0,3098121933.0,2484464381.0
LMY,YR2012,5887499549.0,3132483208.0,2753211141.0
LMY,YR2016,6202019744.0,3164060662.0,3036142882.0
LSO,YR1992,1667121.0,1415286.0,251835.0
LSO,YR1996,1787273.0,1473231.0,314042.0
LSO,YR2000,1868699.0,1503406.0,365293.0
LSO,YR2004,1933728.0,1514322.0,419406.0
LSO,YR2008,1999930.0,1524027.0,475903.0
LSO,YR2012,2089928.0,1552733.0,537195.0
LSO,YR2016,2203821.0,1601803.0,602018.0
LTU,YR1992,3700114.0,1203869.0,2496245.0
LTU,YR1996,3601613.0,1180429.0,2421184.0
LTU,YR2000,3499536.0,1155337.0,2344199.0
LTU,YR2004,3377075.0,1126390.0,2250685.0
LTU,YR2008,3198231.0,1060278.0,2137953.0
LTU,YR2012,2987773.0,990028.0,1997745.0
LTU,YR2016,2868231.0,936019.0,1932212.0
LUX,YR1992,392175.0,72443.0,319732.0
LUX,YR1996,414225.0,71143.0,343082.0
LUX,YR2000,436300.0,68866.0,367434.0
LUX,YR2004,458095.0,63322.0,394773.0
LUX,YR2008,488650.0,59615.0,429035.0
LUX,YR2012,530946.0,57082.0,473864.0
LUX,YR2016,582014.0,55524.0,526490.0
LVA,YR1992,2614338.0,814314.0,1800024.0
LVA,YR1996,2457222.0,770339.0,1686883.0
LVA,YR2000,2367550.0,756030.0,1611520.0
LVA,YR2004,2263122.0,726462.0,1536660.0
LVA,YR2008,2177322.0,700357.0,1476965.0
LVA,YR2012,2034319.0,653077.0,1381242.0
LVA,YR2016,1959537.0,626640.0,1332897.0
MAC,YR1992,362459.0,584.0,361875.0
MAC,YR1996,393567.0,79.0,393488.0
MAC,YR2000,427979.0,0.0,427979.0
MAC,YR2004,471453.0,0.0,471453.0
MAC,YR2008,514348.0,0.0,514348.0
MAC,YR2012,562531.0,0.0,562531.0
MAC,YR2016,612167.0,0.0,612167.0
MAF,YR1992,32892.0,,
MAF,YR1996,32102.0,,
MAF,YR2000,28384.0,,
MAF,YR2004,27514.0,,
MAF,YR2008,29376.0,,
MAF,YR2012,30959.0,,
MAF,YR2016,31949.0,,
MAR,YR1992,25791494.0,12935982.0,12855512.0
MAR,YR1996,27460603.0,13175048.0,14285555.0
MAR,YR2000,28849621.0,13462676.0,15386945.0
MAR,YR2004,30179285.0,13688117.0,16491168.0
MAR,YR2008,31596855.0,13622668.0,17974187.0
MAR,YR2012,33333789.0,13619520.0,19714269.0
MAR,YR2016,35276786.0,13630950.0,21645836.0
MCO,YR1992,29863.0,0.0,29863.0
MCO,YR1996,30967.0,0.0,30967.0
MCO,YR2000,32082.0,0.0,32082.0
MCO,YR2004,33314.0,0.0,33314.0
MCO,YR2008,35853.0,0.0,35853.0
MCO,YR2012,37783.0,0.0,37783.0
MCO,YR2016,38499.0,0.0,38499.0
MDA,YR1992,3706000.0,1979930.0,1726070.0
MDA,YR1996,3667748.0,1973248.0,1694500.0
MDA,YR2000,3639592.0,2016734.0,1622858.0
MDA,YR2004,3603945.0,2054609.0,1549336.0
MDA,YR2008,3570108.0,2046315.0,1523793.0
MDA,YR2012,3559519.0,2044659.0,1514860.0
MDA,YR2016,3551954.0,2041983.0,1509971.0
MDG,YR1992,12301336.0,9265243.0,3036093.0
MDG,YR1996,13902688.0,10279926.0,3622762.0
MDG,YR2000,15766806.0,11490691.0,4276115.0
MDG,YR2004,17802997.0,12780594.0,5022403.0
MDG,YR2008,19996469.0,13863552.0,6132917.0
MDG,YR2012,22346573.0,14921477.0,7425096.0
MDG,YR2016,24894551.0,15968361.0,8926190.0
MDV,YR1992,236190.0,175458.0,60732.0
MDV,YR1996,259327.0,191881.0,67446.0
MDV,YR2000,280384.0,202701.0,77683.0
MDV,YR2004,310423.0,209567.0,100856.0
MDV,YR2008,345054.0,222180.0,122874.0
MDV,YR2012,386203.0,242277.0,143926.0
MDV,YR2016,427756.0,261128.0,166628.0
MEA,YR1992,267020622.0,119382462.0,147638160.0
MEA,YR1996,292934005.0,125981977.0,166952028.0
MEA,YR2000,317129227.0,131735192.0,185394035.0
MEA,YR2004,342046777.0,136960622.0,205086155.0
MEA,YR2008,371999662.0,142531111.0,229468551.0
MEA,YR2012,404783020.0,148930323.0,255852697.0
MEA,YR2016,436738031.0,154748672.0,281989359.0
MEX,YR1992,88828310.0,24686276.0,64142034.0
MEX,YR1996,95687452.0,25194506.0,70492946.0
MEX,YR2000,101719673.0,25712699.0,76006974.0
MEX,YR2004,106995583.0,25682150.0,81313433.0
MEX,YR2008,113661809.0,25889887.0,87771922.0
MEX,YR2012,120828307.0,26092873.0,94735434.0
MEX,YR2016,127540423.0,26047581.0,101492842.0
MHL,YR1992,49378.0,16923.0,32455.0
MHL,YR1996,51401.0,16933.0,34468.0
MHL,YR2000,52159.0,16388.0,35771.0
MHL,YR2004,52074.0,15290.0,36784.0
MHL,YR2008,52218.0,14301.0,37917.0
MHL,YR2012,52663.0,13430.0,39233.0
MHL,YR2016,53066.0,12615.0,40451.0
MIC,YR1992,4033694107.0,2526070196.0,1505691911.0
MIC,YR1996,4292242496.0,2604547236.0,1685636260.0
MIC,YR2000,4541041198.0,2664758458.0,1874582740.0
MIC,YR2004,4774222573.0,2684507115.0,2088010836.0
MIC,YR2008,5004104587.0,2686885786.0,2315471418.0
MIC,YR2012,5242597655.0,2684611471.0,2556180984.0
MIC,YR2016,5487997451.0,2678626522.0,2807554729.0
MKD,YR1992,1988659.0,820043.0,1168616.0
MKD,YR1996,1989443.0,808112.0,1181331.0
MKD,YR2000,2034819.0,843473.0,1191346.0
MKD,YR2004,2057047.0,869905.0,1187142.0
MKD,YR2008,2067378.0,885355.0,1182023.0
MKD,YR2012,2074036.0,889243.0,1184793.0
MKD,YR2016,2081206.0,883201.0,1198005.0
MLI,YR1992,8868263.0,6723385.0,2144878.0
MLI,YR1996,9856810.0,7296504.0,2560306.0
MLI,YR2000,10967690.0,7857692.0,3109998.0
MLI,YR2004,12391906.0,8513239.0,3878667.0
MLI,YR2008,14138216.0,9274246.0,4863970.0
MLI,YR2012,16006670.0,9988322.0,6018348.0
MLI,YR2016,17994837.0,10656003.0,7338834.0
MLT,YR1992,367618.0,34516.0,333102.0
MLT,YR1996,379905.0,33504.0,346401.0
MLT,YR2000,390087.0,29771.0,360316.0
MLT,YR2004,401268.0,26456.0,374812.0
MLT,YR2008,409379.0,24853.0,384526.0
MLT,YR2012,420028.0,24315.0,395713.0
MLT,YR2016,455356.0,25136.0,430220.0
MMR,YR1992,41711465.0,31036250.0,10675215.0
MMR,YR1996,43793310.0,32274356.0,11518954.0
MMR,YR2000,46095462.0,33638163.0,12457299.0
MMR,YR2004,48073707.0,34728446.0,13345261.0
MMR,YR2008,49479752.0,35374559.0,14105193.0
MMR,YR2012,50986514.0,36064801.0,14921713.0
MMR,YR2016,52885223.0,36976290.0,15908933.0
MNA,YR1992,239062651.0,113874606.0,125188045.0
MNA,YR1996,260190124.0,120092233.0,140097891.0
MNA,YR2000,280955290.0,125579765.0,155375525.0
MNA,YR2004,301278295.0,130333558.0,170944737.0
MNA,YR2008,323531149.0,135125202.0,188405947.0
MNA,YR2012,348195697.0,140877367.0,207318330.0
MNA,YR2016,373719055.0,146448171.0,227270884.0
MNE,YR1992,608516.0,302931.0,305585.0
MNE,YR1996,611003.0,278544.0,332459.0
MNE,YR2000,604950.0,250788.0,354162.0
MNE,YR2004,613353.0,232295.0,381058.0
MNE,YR2008,616969.0,225348.0,391621.0
MNE,YR2012,620601.0,218427.0,402174.0
MNE,YR2016,622303.0,210706.0,411597.0
MNG,YR1992,2243502.0,966007.0,1277495.0
MNG,YR1996,2316567.0,1001684.0,1314883.0
MNG,YR2000,2397436.0,1027709.0,1369727.0
MNG,YR2004,2496832.0,962704.0,1534128.0
MNG,YR2008,2628131.0,904576.0,1723555.0
MNG,YR2012,2814226.0,899708.0,1914518.0
MNG,YR2016,3027398.0,959776.0,2067622.0
MNP,YR1992,47919.0,4954.0,42965.0
MNP,YR1996,59364.0,6141.0,53223.0
MNP,YR2000,69094.0,6804.0,62290.0
MNP,YR2004,65663.0,6252.0,59411.0
MNP,YR2008,57431.0,5287.0,52144.0
MNP,YR2012,53718.0,4777.0,48941.0
MNP,YR2016,55023.0,4708.0,50315.0
MOZ,YR1992,14071231.0,10415525.0,3655706.0
MOZ,YR1996,16248232.0,11696615.0,4551617.0
MOZ,YR2000,18067687.0,12810351.0,5257336.0
MOZ,YR2004,20312705.0,14255863.0,6056842.0
MOZ,YR2008,22846758.0,15802646.0,7044112.0
MOZ,YR2012,25676606.0,17242868.0,8433738.0
MOZ,YR2016,28829476.0,18760493.0,10068983.0
MRT,YR1992,2141445.0,1304675.0,836770.0
MRT,YR1996,2397245.0,1472340.0,924905.0
MRT,YR2000,2709359.0,1677337.0,1032022.0
MRT,YR2004,3042823.0,1788298.0,1254525.0
MRT,YR2008,3407541.0,1881372.0,1526169.0
MRT,YR2012,3830239.0,1976403.0,1853836.0
MRT,YR2016,4301018.0,2066123.0,2234895.0
MUS,YR1992,1084441.0,611050.0,473391.0
MUS,YR1996,1133996.0,644552.0,489444.0
MUS,YR2000,1186873.0,680434.0,506439.0
MUS,YR2004,1221003.0,705459.0,515544.0
MUS,YR2008,1244121.0,724365.0,519756.0
MUS,YR2012,1255882.0,736801.0,519081.0
MUS,YR2016,1263473.0,746586.0,516887.0
MWI,YR1992,9729717.0,8540940.0,1188777.0
MWI,YR1996,10109789.0,8731926.0,1377863.0
MWI,YR2000,11376172.0,9714113.0,1662059.0
MWI,YR2004,12676038.0,10779196.0,1896842.0
MWI,YR2008,14271234.0,12084025.0,2187209.0
MWI,YR2012,16097305.0,13551999.0,2545306.0
MWI,YR2016,18091575.0,15105380.0,2986195.0
MYS,YR1992,19012724.0,9161471.0,9851253.0
MYS,YR1996,21023321.0,9046545.0,11976776.0
MYS,YR2000,23185608.0,8815864.0,14369744.0
MYS,YR2004,25174109.0,8636230.0,16537879.0
MYS,YR2008,27111069.0,8343431.0,18767638.0
MYS,YR2012,29170456.0,8087509.0,21082947.0
MYS,YR2016,31187265.0,7846716.0,23340549.0
NAC,YR1992,285092192.0,67906275.0,217185917.0
NAC,YR1996,299126029.0,66789631.0,232336398.0
NAC,YR2000,312993944.0,65407832.0,247586112.0
NAC,YR2004,324864038.0,65657178.0,259206860.0
NAC,YR2008,337405012.0,65943856.0,271461156.0
NAC,YR2012,348808615.0,65840065.0,282968550.0
NAC,YR2016,359735880.0,65440849.0,294295031.0
NAM,YR1992,1513721.0,1084793.0,428928.0
NAM,YR1996,1706489.0,1189150.0,517339.0
NAM,YR2000,1899257.0,1284411.0,614846.0
NAM,YR2004,2009228.0,1292617.0,716611.0
NAM,YR2008,2106375.0,1272314.0,834061.0
NAM,YR2012,2263934.0,1274753.0,989181.0
NAM,YR2016,2479713.0,1290418.0,1189295.0
NCL,YR1992,179799.0,72168.0,107631.0
NCL,YR1996,197564.0,78087.0,119477.0
NCL,YR2000,213230.0,81200.0,132030.0
NCL,YR2004,228750.0,83857.0,144893.0
NCL,YR2008,242750.0,82610.0,160140.0
NCL,YR2012,259000.0,82818.0,176182.0
NCL,YR2016,276550.0,83460.0,193090.0
NER,YR1992,8549424.0,7221784.0,1327640.0
NER,YR1996,9819964.0,8263009.0,1556955.0
NER,YR2000,11352973.0,9515381.0,1837592.0
NER,YR2004,13127012.0,10994266.0,2132746.0
NER,YR2008,15228525.0,12757088.0,2471437.0
NER,YR2012,17731634.0,14856981.0,2874653.0
NER,YR2016,20672987.0,17305357.0,3367630.0
NGA,YR1992,100221563.0,69476594.0,30744969.0
NGA,YR1996,110732904.0,74495561.0,36237343.0
NGA,YR2000,122352009.0,79724569.0,42627440.0
NGA,YR2004,135393616.0,83657007.0,51736609.0
NGA,YR2008,150347390.0,87649521.0,62697869.0
NGA,YR2012,167297284.0,91601955.0,75695329.0
NGA,YR2016,185989640.0,95444304.0,90545336.0
NIC,YR1992,4331277.0,2008413.0,2322864.0
NIC,YR1996,4700779.0,2134765.0,2566014.0
NIC,YR2000,5026796.0,2252759.0,2774037.0
NIC,YR2004,5309703.0,2347844.0,2961859.0
NIC,YR2008,5594506.0,2432211.0,3162295.0
NIC,YR2012,5877108.0,2508996.0,3368112.0
NIC,YR2016,6149928.0,2577435.0,3572493.0
NLD,YR1992,15184166.0,4521389.0,10662777.0
NLD,YR1996,15530498.0,4093839.0,11436659.0
NLD,YR2000,15925513.0,3695515.0,12229998.0
NLD,YR2004,16281779.0,3009850.0,13271929.0
NLD,YR2008,16445593.0,2400728.0,14044865.0
NLD,YR2012,16754962.0,1912076.0,14842886.0
NLD,YR2016,17030314.0,1594889.0,15435425.0
NOR,YR1992,4286401.0,1171688.0,3114713.0
NOR,YR1996,4381336.0,1136431.0,3244905.0
NOR,YR2000,4490967.0,1076934.0,3414033.0
NOR,YR2004,4591910.0,1037818.0,3554092.0
NOR,YR2008,4768212.0,1023926.0,3744286.0
NOR,YR2012,5018573.0,1010038.0,4008535.0
NOR,YR2016,5234519.0,969171.0,4265348.0
NPL,YR1992,19773772.0,17879049.0,1894723.0
NPL,YR1996,21903379.0,19417345.0,2486034.0
NPL,YR2000,23740911.0,20560341.0,3180570.0
NPL,YR2004,25309449.0,21553274.0,3756175.0
NPL,YR2008,26475859.0,22211922.0,4263937.0
NPL,YR2012,27649925.0,22822801.0,4827124.0
NPL,YR2016,28982771.0,23492855.0,5489916.0
NRU,YR1992,9546.0,0.0,9546.0
NRU,YR1996,10029.0,0.0,10029.0
NRU,YR2000,10037.0,0.0,10037.0
NRU,YR2004,10126.0,0.0,10126.0
NRU,YR2008,9947.0,0.0,9947.0
NRU,YR2012,10279.0,0.0,10279.0
NRU,YR2016,13049.0,0.0,13049.0
NZL,YR1992,3531700.0,526117.0,3005583.0
NZL,YR1996,3732000.0,533676.0,3198324.0
NZL,YR2000,3857700.0,539268.0,3318432.0
NZL,YR2004,4087500.0,560764.0,3526736.0
NZL,YR2008,4259800.0,584445.0,3675355.0
NZL,YR2012,4408100.0,610037.0,3798063.0
NZL,YR2016,4693200.0,638275.0,4054925.0
OED,YR1992,1088596983.0,285216466.0,803380517.0
OED,YR1996,1124083112.0,283218732.0,840864380.0
OED,YR2000,1156568670.0,281071945.0,875496725.0
OED,YR2004,1189684726.0,271602156.0,918082570.0
OED,YR2008,1225426692.0,264287934.0,961138758.0
OED,YR2012,1256599264.0,257182196.0,999417068.0
OED,YR2016,1289937319.0,251699847.0,1038237472.0
OMN,YR1992,1983277.0,605951.0,1377326.0
OMN,YR1996,2236666.0,634117.0,1602549.0
OMN,YR2000,2267991.0,644813.0,1623178.0
OMN,YR2004,2444751.0,688760.0,1755991.0
OMN,YR2008,2759014.0,715136.0,2043878.0
OMN,YR2012,3464644.0,777328.0,2687316.0
OMN,YR2016,4424762.0,774333.0,3650429.0
PAK,YR1992,113747135.0,78397938.0,35349197.0
PAK,YR1996,125938339.0,85522207.0,40416132.0
PAK,YR2000,138523285.0,92835535.0,45687750.0
PAK,YR2004,150780300.0,99845207.0,50935093.0
PAK,YR2008,163644603.0,107039935.0,56604668.0
PAK,YR2012,177911533.0,114916617.0,62994916.0
PAK,YR2016,193203476.0,123198129.0,70005347.0
PAN,YR1992,2576018.0,1143520.0,1432498.0
PAN,YR1996,2796344.0,1147116.0,1649228.0
PAN,YR2000,3030347.0,1145532.0,1884815.0
PAN,YR2004,3269541.0,1197077.0,2072464.0
PAN,YR2008,3516268.0,1246165.0,2270103.0
PAN,YR2012,3772938.0,1292571.0,2480367.0
PAN,YR2016,4034119.0,1330170.0,2703949.0
PER,YR1992,22737056.0,6890010.0,15847046.0
PER,YR1996,24441074.0,6995769.0,17445305.0
PER,YR2000,25914879.0,6986133.0,18928746.0
PER,YR2004,27273194.0,6915391.0,20357803.0
PER,YR2008,28641980.0,6859181.0,21782799.0
PER,YR2012,30158966.0,6995674.0,23163292.0
PER,YR2016,31773839.0,7136722.0,24637117.0
PHL,YR1992,65075486.0,34610397.0,30465089.0
PHL,YR1996,71446107.0,38241529.0,33204578.0
PHL,YR2000,77991569.0,42010159.0,35981410.0
PHL,YR2004,84678493.0,45899977.0,38778516.0
PHL,YR2008,90751864.0,49500604.0,41251260.0
PHL,YR2012,96866642.0,52586963.0,44279679.0
PHL,YR2016,103320222.0,55302149.0,48018073.0
PLW,YR1992,15894.0,4715.0,11179.0
PLW,YR1996,17691.0,5076.0,12615.0
PLW,YR2000,19175.0,5688.0,13487.0
PLW,YR2004,19804.0,5865.0,13939.0
PLW,YR2008,20228.0,5383.0,14845.0
PLW,YR2012,20758.0,4942.0,15816.0
PLW,YR2016,21503.0,4564.0,16939.0
PNG,YR1992,4535520.0,3872019.0,663501.0
PNG,YR1996,5022437.0,4324268.0,698169.0
PNG,YR2000,5572222.0,4836466.0,735756.0
PNG,YR2004,6161517.0,5352695.0,808822.0
PNG,YR2008,6787187.0,5901120.0,886067.0
PNG,YR2012,7430836.0,6466165.0,964671.0
PNG,YR2016,8084991.0,7029900.0,1055091.0
POL,YR1992,38363667.0,14824105.0,23539562.0
POL,YR1996,38624370.0,14855705.0,23768665.0
POL,YR2000,38258629.0,14646934.0,23611695.0
POL,YR2004,38182222.0,14675719.0,23506503.0
POL,YR2008,38125759.0,14824820.0,23300939.0
POL,YR2012,38063164.0,14976333.0,23086831.0
POL,YR2016,37970087.0,15120448.0,22849639.0
PRI,YR1992,3585176.0,241390.0,3343786.0
PRI,YR1996,3724655.0,228098.0,3496557.0
PRI,YR2000,3810605.0,213889.0,3596716.0
PRI,YR2004,3826878.0,223184.0,3603694.0
PRI,YR2008,3760866.0,227833.0,3533033.0
PRI,YR2012,3634488.0,228028.0,3406460.0
PRI,YR2016,3406520.0,217949.0,3188571.0
PRK,YR1992,20937404.0,8651545.0,12285859.0
PRK,YR1996,22113548.0,9045105.0,13068443.0
PRK,YR2000,22929075.0,9306453.0,13622622.0
PRK,YR2004,23729498.0,9556581.0,14172917.0
PRK,YR2008,24335146.0,9724324.0,14610822.0
PRK,YR2012,24854034.0,9758191.0,15095843.0
PRK,YR2016,25368620.0,9774276.0,15594344.0
PRT,YR1992,9952494.0,5062834.0,4889660.0
PRT,YR1996,10063945.0,4853841.0,5210104.0
PRT,YR2000,10289898.0,4692296.0,5597602.0
PRT,YR2004,10483861.0,4517810.0,5966051.0
PRT,YR2008,10558177.0,4290949.0,6267228.0
PRT,YR2012,10514844.0,4020561.0,6494283.0
PRT,YR2016,10325452.0,3708283.0,6617169.0
PRY,YR1992,4432736.0,2208123.0,2224613.0
PRY,YR1996,4870694.0,2300234.0,2570460.0
PRY,YR2000,5302700.0,2368663.0,2934037.0
PRY,YR2004,5703740.0,2435212.0,3268528.0
PRY,YR2008,6047117.0,2502781.0,3544336.0
PRY,YR2012,6379219.0,2557620.0,3821599.0
PRY,YR2016,6725308.0,2621122.0,4104186.0
PSE,YR1992,2163591.0,676641.0,1486950.0
PSE,YR1996,2587997.0,758154.0,1829843.0
PSE,YR2000,2922153.0,819109.0,2103044.0
PSE,YR2004,3236626.0,878906.0,2357720.0
PSE,YR2008,3596688.0,945785.0,2650903.0
PSE,YR2012,4046901.0,1027144.0,3019757.0
PSE,YR2016,4551566.0,1109308.0,3442258.0
PYF,YR1992,205266.0,87511.0,117755.0
PYF,YR1996,219283.0,95623.0,123660.0
PYF,YR2000,237258.0,104282.0,132976.0
PYF,YR2004,251775.0,108689.0,143086.0
PYF,YR2008,263179.0,107467.0,155712.0
PYF,YR2012,271703.0,104717.0,166986.0
PYF,YR2016,280208.0,107224.0,172984.0
QAT,YR1992,495517.0,30905.0,464612.0
QAT,YR1996,522304.0,24256.0,498048.0
QAT,YR2000,592267.0,21849.0,570418.0
QAT,YR2004,758855.0,22083.0,736772.0
QAT,YR2008,1389342.0,25856.0,1363486.0
QAT,YR2012,2109568.0,27488.0,2082080.0
QAT,YR2016,2569804.0,25313.0,2544491.0
ROU,YR1992,22794284.0,10433628.0,12360656.0
ROU,YR1996,22619004.0,10491599.0,12127405.0
ROU,YR2000,22442971.0,10547299.0,11895672.0
ROU,YR2004,21451748.0,10073097.0,11378651.0
ROU,YR2008,20537875.0,9536351.0,11001524.0
ROU,YR2012,20058035.0,9231911.0,10826124.0
ROU,YR2016,19702332.0,9082775.0,10619557.0
RUS,YR1992,148689000.0,39573577.0,109115423.0
RUS,YR1996,148160042.0,39459464.0,108700578.0
RUS,YR2000,146596557.0,39067982.0,107528575.0
RUS,YR2004,144067054.0,38295904.0,105771150.0
RUS,YR2008,142742350.0,37686835.0,105055515.0
RUS,YR2012,143201676.0,37531727.0,105669949.0
RUS,YR2016,144342396.0,37292301.0,107050095.0
RWA,YR1992,6701851.0,6280439.0,421412.0
RWA,YR1996,6115168.0,5419629.0,695539.0
RWA,YR2000,8025703.0,6827787.0,1197916.0
RWA,YR2004,8818438.0,7327417.0,1491021.0
RWA,YR2008,9708169.0,8065061.0,1643108.0
RWA,YR2012,10788853.0,8960898.0,1827955.0
RWA,YR2016,11917508.0,9884858.0,2032650.0
SAS,YR1992,1183253534.0,881241625.0,302011909.0
SAS,YR1996,1284978193.0,945372189.0,339606004.0
SAS,YR2000,1386625845.0,1007258061.0,379367784.0
SAS,YR2004,1487975237.0,1061628398.0,426346839.0
SAS,YR2008,1584359049.0,1107933002.0,476426047.0
SAS,YR2012,1676615491.0,1147862737.0,528752754.0
SAS,YR2016,1766393714.0,1181309025.0,585084689.0
SAU,YR1992,17378833.0,3849238.0,13529595.0
SAU,YR1996,19131578.0,4034850.0,15096728.0
SAU,YR2000,20764312.0,4184424.0,16579888.0
SAU,YR2004,23228890.0,4470632.0,18758258.0
SAU,YR2008,25940770.0,4760391.0,21180379.0
SAU,YR2012,29086357.0,5084295.0,24002062.0
SAU,YR2016,32275687.0,5357441.0,26918246.0
SDN,YR1992,21701476.0,14951666.0,6749810.0
SDN,YR1996,24786190.0,16784216.0,8001974.0
SDN,YR2000,27250535.0,18395474.0,8855061.0
SDN,YR2004,30186341.0,20313294.0,9873047.0
SDN,YR2008,32955496.0,22106876.0,10848620.0
SDN,YR2012,35990192.0,23988903.0,12001289.0
SDN,YR2016,39578828.0,26074136.0,13504692.0
SEN,YR1992,8029725.0,4883679.0,3146046.0
SEN,YR1996,8974077.0,5406971.0,3567106.0
SEN,YR2000,9884052.0,5898802.0,3985250.0
SEN,YR2004,10955944.0,6430482.0,4525462.0
SEN,YR2008,12203957.0,6962724.0,5241233.0
SEN,YR2012,13703513.0,7591335.0,6112178.0
SEN,YR2016,15411614.0,8276653.0,7134961.0
SGP,YR1992,3230698.0,0.0,3230698.0
SGP,YR1996,3670704.0,0.0,3670704.0
SGP,YR2000,4027887.0,0.0,4027887.0
SGP,YR2004,4166664.0,0.0,4166664.0
SGP,YR2008,4839396.0,0.0,4839396.0
SGP,YR2012,5312437.0,0.0,5312437.0
SGP,YR2016,5607283.0,0.0,5607283.0
SLB,YR1992,329953.0,283545.0,46408.0
SLB,YR1996,369469.0,314533.0,54936.0
SLB,YR2000,412609.0,347363.0,65246.0
SLB,YR2004,458324.0,378516.0,79808.0
SLB,YR2008,504477.0,407930.0,96547.0
SLB,YR2012,551531.0,435875.0,115656.0
SLB,YR2016,599419.0,462614.0,136805.0
SLE,YR1992,4331332.0,2870807.0,1460525.0
SLE,YR1996,4282350.0,2797788.0,1484562.0
SLE,YR2000,4564297.0,2938221.0,1626076.0
SLE,YR2004,5439695.0,3448984.0,1990711.0
SLE,YR2008,6165372.0,3817783.0,2347589.0
SLE,YR2012,6766103.0,4083884.0,2682219.0
SLE,YR2016,7396190.0,4346889.0,3049301.0
SLV,YR1992,5400331.0,2683154.0,2717177.0
SLV,YR1996,5671925.0,2537165.0,3134760.0
SLV,YR2000,5867626.0,2410890.0,3456736.0
SLV,YR2004,6000775.0,2333881.0,3666894.0
SLV,YR2008,6110301.0,2219384.0,3890917.0
SLV,YR2012,6221246.0,2041377.0,4179869.0
SLV,YR2016,6344722.0,1871630.0,4473092.0
SMR,YR1992,24749.0,2376.0,22373.0
SMR,YR1996,26209.0,2083.0,24126.0
SMR,YR2000,27418.0,1799.0,25619.0
SMR,YR2004,28866.0,1687.0,27179.0
SMR,YR2008,30351.0,1437.0,28914.0
SMR,YR2012,31914.0,1222.0,30692.0
SMR,YR2016,33203.0,1026.0,32177.0
SOM,YR1992,7488544.0,5215097.0,2273447.0
SOM,YR1996,7892389.0,5383793.0,2508596.0
SOM,YR2000,9011479.0,6015433.0,2996046.0
SOM,YR2004,10116228.0,6521831.0,3594397.0
SOM,YR2008,11369276.0,7275086.0,4094190.0
SOM,YR2012,12763776.0,7459406.0,5304370.0
SOM,YR2016,14317996.0,8044423.0,6273573.0
SRB,YR1992,7646424.0,3748201.0,3898223.0
SRB,YR1996,7617794.0,3666063.0,3951731.0
SRB,YR2000,7516346.0,3550045.0,3966301.0
SRB,YR2004,7463157.0,3458352.0,4004805.0
SRB,YR2008,7350222.0,3340676.0,4009546.0
SRB,YR2012,7199077.0,3213956.0,3985121.0
SRB,YR2016,7058322.0,3119072.0,3939250.0
SSA,YR1992,541294922.0,387918173.0,153376749.0
SSA,YR1996,603309222.0,422793520.0,180515702.0
SSA,YR2000,670568507.0,460407348.0,210161159.0
SSA,YR2004,745705643.0,498948446.0,246757197.0
SSA,YR2008,830878600.0,540821795.0,290056805.0
SSA,YR2012,926951572.0,584405187.0,342546385.0
SSA,YR2016,1033118066.0,630016871.0,403101195.0
SSD,YR1992,5599814.0,4764770.0,835044.0
SSD,YR1996,5591114.0,4696703.0,894411.0
SSD,YR2000,6700656.0,5594780.0,1105876.0
SSD,YR2004,7787655.0,6461962.0,1325693.0
SSD,YR2008,9263136.0,7636992.0,1626144.0
SSD,YR2012,10818258.0,8847496.0,1970762.0
SSD,YR2016,12230730.0,9895639.0,2335091.0
SSF,YR1992,541365685.0,387954006.0,153411679.0
SSF,YR1996,603385639.0,422831913.0,180553726.0
SSF,YR2000,670649638.0,460447562.0,210202076.0
SSF,YR2004,745788118.0,498988539.0,246799579.0
SSF,YR2008,830965556.0,540862996.0,290102560.0
SSF,YR2012,927039875.0,584445700.0,342594175.0
SSF,YR2016,1033212743.0,630058689.0,403154054.0
STP,YR1992,118816.0,64441.0,54375.0
STP,YR1996,128821.0,64936.0,63885.0
STP,YR2000,138606.0,64557.0,74049.0
STP,YR2004,151969.0,63870.0,88099.0
STP,YR2008,166913.0,62292.0,104621.0
STP,YR2012,182889.0,60061.0,122828.0
STP,YR2016,199910.0,57790.0,142120.0
SUR,YR1992,422763.0,144357.0,278406.0
SUR,YR1996,450036.0,152337.0,297699.0
SUR,YR2000,472390.0,158515.0,313875.0
SUR,YR2004,493630.0,164196.0,329434.0
SUR,YR2008,515148.0,172683.0,342465.0
SUR,YR2012,537077.0,181489.0,355588.0
SUR,YR2016,558368.0,189622.0,368746.0
SVK,YR1992,5305016.0,2296064.0,3008952.0
SVK,YR1996,5373361.0,2338702.0,3034659.0
SVK,YR2000,5388720.0,2358481.0,3030239.0
SVK,YR2004,5372280.0,2379222.0,2993058.0
SVK,YR2008,5379233.0,2414684.0,2964549.0
SVK,YR2012,5407579.0,2472345.0,2935234.0
SVK,YR2016,5430798.0,2508703.0,2922095.0
SVN,YR1992,1996498.0,987408.0,1009090.0
SVN,YR1996,1988628.0,981408.0,1007220.0
SVN,YR2000,1988925.0,979466.0,1009459.0
SVN,YR2004,1997012.0,972385.0,1024627.0
SVN,YR2008,2021316.0,966007.0,1055309.0
SVN,YR2012,2057159.0,964643.0,1092516.0
SVN,YR2016,2065042.0,949506.0,1115536.0
SWE,YR1992,8668067.0,1442280.0,7225787.0
SWE,YR1996,8840998.0,1422163.0,7418835.0
SWE,YR2000,8872109.0,1417231.0,7454878.0
SWE,YR2004,8993531.0,1415762.0,7577769.0
SWE,YR2008,9219637.0,1406363.0,7813274.0
SWE,YR2012,9519374.0,1368886.0,8150488.0
SWE,YR2016,9923085.0,1304687.0,8618398.0
SWZ,YR1992,906034.0,715604.0,190430.0
SWZ,YR1996,981764.0,758688.0,223076.0
SWZ,YR2000,1061468.0,820663.0,240805.0
SWZ,YR2004,1095053.0,852324.0,242729.0
SWZ,YR2008,1158897.0,903418.0,255479.0
SWZ,YR2012,1248158.0,962966.0,285192.0
SWZ,YR2016,1343098.0,1028021.0,315077.0
SXM,YR1992,,,
SXM,YR1996,,,
SXM,YR2000,30519.0,0.0,30519.0
SXM,YR2004,32488.0,0.0,32488.0
SXM,YR2008,33964.0,0.0,33964.0
SXM,YR2012,34640.0,0.0,34640.0
SXM,YR2016,39969.0,0.0,39969.0
SYC,YR1992,70763.0,35833.0,34930.0
SYC,YR1996,76417.0,38393.0,38024.0
SYC,YR2000,81131.0,40214.0,40917.0
SYC,YR2004,82475.0,40093.0,42382.0
SYC,YR2008,86956.0,41201.0,45755.0
SYC,YR2012,88303.0,40513.0,47790.0
SYC,YR2016,94677.0,41818.0,52859.0
SYR,YR1992,13187085.0,6679654.0,6507431.0
SYR,YR1996,14755286.0,7307850.0,7447436.0
SYR,YR2000,16410848.0,7885905.0,8524943.0
SYR,YR2004,17806638.0,8294866.0,9511772.0
SYR,YR2008,20325443.0,9171856.0,11153587.0
SYR,YR2012,20420701.0,9484395.0,10936306.0
SYR,YR2016,18430453.0,8692723.0,9737730.0
TCA,YR1992,12968.0,3022.0,9946.0
TCA,YR1996,15966.0,3045.0,12921.0
TCA,YR2000,18873.0,2916.0,15957.0
TCA,YR2004,25028.0,3207.0,21821.0
TCA,YR2008,29481.0,3156.0,26325.0
TCA,YR2012,32431.0,2890.0,29541.0
TCA,YR2016,34900.0,2612.0,32288.0
TCD,YR1992,6349089.0,5000860.0,1348229.0
TCD,YR1996,7241134.0,5683856.0,1557278.0
TCD,YR2000,8342559.0,6537480.0,1805079.0
TCD,YR2004,9710043.0,7596361.0,2113682.0
TCD,YR2008,11133861.0,8695434.0,2438427.0
TCD,YR2012,12705135.0,9891964.0,2813171.0
TCD,YR2016,14452543.0,11175140.0,3277403.0
TGO,YR1992,3973327.0,2804176.0,1169151.0
TGO,YR1996,4398238.0,3028671.0,1369567.0
TGO,YR2000,4970367.0,3334768.0,1635599.0
TGO,YR2004,5534598.0,3612764.0,1921834.0
TGO,YR2008,6161796.0,3907380.0,2254416.0
TGO,YR2012,6859482.0,4215426.0,2644056.0
TGO,YR2016,7606374.0,4516056.0,3090318.0
THA,YR1992,57837878.0,40623590.0,17214288.0
THA,YR1996,60151472.0,41835950.0,18315522.0
THA,YR2000,62958021.0,43198017.0,19760004.0
THA,YR2004,65002231.0,41491574.0,23510657.0
THA,YR2008,66545760.0,39100958.0,27444802.0
THA,YR2012,67843979.0,37012283.0,30831696.0
THA,YR2016,68863514.0,35500519.0,33362995.0
TJK,YR1992,5502976.0,3823083.0,1679893.0
TJK,YR1996,5849540.0,4191897.0,1657643.0
TJK,YR2000,6216205.0,4568849.0,1647356.0
TJK,YR2004,6712841.0,4933401.0,1779440.0
TJK,YR2008,7309728.0,5371481.0,1938247.0
TJK,YR2012,7995062.0,5872773.0,2122289.0
TJK,YR2016,8734951.0,6389529.0,2345422.0
TKM,YR1992,3899843.0,2148657.0,1751186.0
TKM,YR1996,4287344.0,2357267.0,1930077.0
TKM,YR2000,4516131.0,2442640.0,2073491.0
TKM,YR2004,4703398.0,2501643.0,2201755.0
TKM,YR2008,4935762.0,2573111.0,2362651.0
TKM,YR2012,5267839.0,2677379.0,2590460.0
TKM,YR2016,5662544.0,2790049.0,2872495.0
TLS,YR1992,805435.0,631944.0,173491.0
TLS,YR1996,875916.0,675568.0,200348.0
TLS,YR2000,871607.0,660129.0,211478.0
TLS,YR2004,996698.0,740447.0,256251.0
TLS,YR2008,1078110.0,786503.0,291607.0
TLS,YR2012,1156760.0,827916.0,328844.0
TLS,YR2016,1268671.0,889973.0,378698.0
TON,YR1992,95496.0,73753.0,21743.0
TON,YR1996,96369.0,74303.0,22066.0
TON,YR2000,98082.0,75511.0,22571.0
TON,YR2004,100406.0,77185.0,23221.0
TON,YR2008,103005.0,79024.0,23981.0
TON,YR2012,104951.0,80356.0,24595.0
TON,YR2016,107122.0,82246.0,24876.0
TTO,YR1992,1237487.0,563168.0,674319.0
TTO,YR1996,1258364.0,563445.0,694919.0
TTO,YR2000,1267984.0,559118.0,708866.0
TTO,YR2004,1290535.0,578740.0,711795.0
TTO,YR2008,1315372.0,599783.0,715589.0
TTO,YR2012,1341588.0,621544.0,720044.0
TTO,YR2016,1364962.0,638120.0,726842.0
TUN,YR1992,8603225.0,3478972.0,5124253.0
TUN,YR1996,9256037.0,3529327.0,5726710.0
TUN,YR2000,9699197.0,3546802.0,6152395.0
TUN,YR2004,10017601.0,3511169.0,6506432.0
TUN,YR2008,10407336.0,3528815.0,6878521.0
TUN,YR2012,10886668.0,3568868.0,7317800.0
TUN,YR2016,11403248.0,3609584.0,7793664.0
TUR,YR1992,55748875.0,22010771.0,33738104.0
TUR,YR1996,59423208.0,22192785.0,37230423.0
TUR,YR2000,63240121.0,22297834.0,40942287.0
TUR,YR2004,67007855.0,21961824.0,45046031.0
TUR,YR2008,70440032.0,21377845.0,49062187.0
TUR,YR2012,74569867.0,20898951.0,53670916.0
TUR,YR2016,79512426.0,20566684.0,58945742.0
TUV,YR1992,9109.0,5215.0,3894.0
TUV,YR1996,9256.0,5148.0,4108.0
TUV,YR2000,9420.0,5085.0,4335.0
TUV,YR2004,9894.0,5078.0,4816.0
TUV,YR2008,10340.0,4884.0,5456.0
TUV,YR2012,10725.0,4632.0,6093.0
TUV,YR2016,11097.0,4367.0,6730.0
TZA,YR1992,27219619.0,21901994.0,5317625.0
TZA,YR1996,30811854.0,24375874.0,6435980.0
TZA,YR2000,34178042.0,26553263.0,7624779.0
TZA,YR2004,38249984.0,28984690.0,9265294.0
TZA,YR2008,43270144.0,31684130.0,11586014.0
TZA,YR2012,49082997.0,34606949.0,14476048.0
TZA,YR2016,55572201.0,37604041.0,17968160.0
UGA,YR1992,18652889.0,16453713.0,2199176.0
UGA,YR1996,21202118.0,18400046.0,2802072.0
UGA,YR2000,24039274.0,20484827.0,3554447.0
UGA,YR2004,27568436.0,23017714.0,4550722.0
UGA,YR2008,31663896.0,25842805.0,5821091.0
UGA,YR2012,36306796.0,28891496.0,7415300.0
UGA,YR2016,41487965.0,32101728.0,9386237.0
UKR,YR1992,52150266.0,17295636.0,34854630.0
UKR,YR1996,51057189.0,16853978.0,34203211.0
UKR,YR2000,49175848.0,16156725.0,33019123.0
UKR,YR2004,47451600.0,15375742.0,32075858.0
UKR,YR2008,46258200.0,14652285.0,31605915.0
UKR,YR2012,45593300.0,14233316.0,31359984.0
UKR,YR2016,45004645.0,13882133.0,31122512.0
UMC,YR1992,2071319405.0,1161302904.0,910016501.0
UMC,YR1996,2170438981.0,1154951493.0,1015487488.0
UMC,YR2000,2260805982.0,1135146486.0,1125659496.0
UMC,YR2004,2334313912.0,1083894852.0,1250419060.0
UMC,YR2008,2404283410.0,1023493266.0,1380790144.0
UMC,YR2012,2478491686.0,962995058.0,1515496628.0
UMC,YR2016,2556921923.0,904956011.0,1651965912.0
URY,YR1992,3154855.0,327253.0,2827602.0
URY,YR1996,3248035.0,297682.0,2950353.0
URY,YR2000,3321245.0,264770.0,3056475.0
URY,YR2004,3324096.0,230094.0,3094002.0
URY,YR2008,3350824.0,201116.0,3149708.0
URY,YR2012,3396777.0,178704.0,3218073.0
URY,YR2016,3444006.0,167241.0,3276765.0
USA,YR1992,256514000.0,61314541.0,195199459.0
USA,YR1996,269394000.0,60247274.0,209146726.0
USA,YR2000,282162411.0,59093274.0,223069137.0
USA,YR2004,292805298.0,59272576.0,233532722.0
USA,YR2008,304093966.0,59486862.0,244607104.0
USA,YR2012,313993272.0,59285070.0,254708202.0
USA,YR2016,323405935.0,58659368.0,264746567.0
UZB,YR1992,21449000.0,12374357.0,9074643.0
UZB,YR1996,23225000.0,12957692.0,10267308.0
UZB,YR2000,24650400.0,13280156.0,11370244.0
UZB,YR2004,25864350.0,13435495.0,12428855.0
UZB,YR2008,27302800.0,13654403.0,13648397.0
UZB,YR2012,29774500.0,14574618.0,15199882.0
UZB,YR2016,31847900.0,15716939.0,16130961.0
VCT,YR1992,108003.0,62311.0,45692.0
VCT,YR1996,108075.0,60802.0,47273.0
VCT,YR2000,107898.0,59143.0,48755.0
VCT,YR2004,108559.0,57910.0,50649.0
VCT,YR2008,109165.0,56569.0,52596.0
VCT,YR2012,109328.0,54933.0,54395.0
VCT,YR2016,109643.0,53316.0,56327.0
VEN,YR1992,20799075.0,3117365.0,17681710.0
VEN,YR1996,22650102.0,3094910.0,19555192.0
VEN,YR2000,24488340.0,3046594.0,21441746.0
VEN,YR2004,26327225.0,3178223.0,23149002.0
VEN,YR2008,28141701.0,3368280.0,24773421.0
VEN,YR2012,29893080.0,3550401.0,26342679.0
VEN,YR2016,31568179.0,3736094.0,27832085.0
VGB,YR1992,17344.0,10475.0,6869.0
VGB,YR1996,18833.0,11171.0,7662.0
VGB,YR2000,20645.0,12021.0,8624.0
VGB,YR2004,22541.0,12869.0,9672.0
VGB,YR2008,25604.0,14299.0,11305.0
VGB,YR2012,28509.0,15537.0,12972.0
VGB,YR2016,30661.0,16264.0,14397.0
VIR,YR1992,105712.0,11776.0,93936.0
VIR,YR1996,108095.0,9818.0,98277.0
VIR,YR2000,108642.0,8055.0,100587.0
VIR,YR2004,108467.0,7093.0,101374.0
VIR,YR2008,108399.0,6245.0,102154.0
VIR,YR2012,108191.0,5497.0,102694.0
VIR,YR2016,107510.0,4859.0,102651.0
VNM,YR1992,71130448.0,56188786.0,14941662.0
VNM,YR1996,76372719.0,59140742.0,17231977.0
VNM,YR2000,80285562.0,60716759.0,19568803.0
VNM,YR2004,83527678.0,61239988.0,22287690.0
VNM,YR2008,86707801.0,61451553.0,25256248.0
VNM,YR2012,90451881.0,61731600.0,28720281.0
VNM,YR2016,94569072.0,61933285.0,32635787.0
VUT,YR1992,155243.0,125304.0,29939.0
VUT,YR1996,171801.0,136644.0,35157.0
VUT,YR2000,185063.0,144954.0,40109.0
VUT,YR2004,204143.0,157580.0,46563.0
VUT,YR2008,225340.0,171292.0,54048.0
VUT,YR2012,247485.0,186453.0,61032.0
VUT,YR2016,270402.0,202634.0,67768.0
WLD,YR1992,5459753865.0,3069830061.0,2387958912.0
WLD,YR1996,5796632117.0,3174602005.0,2619939010.0
WLD,YR2000,6121682736.0,3261823596.0,2858130756.0
WLD,YR2004,6439825381.0,3305831382.0,3132261863.0
WLD,YR2008,6766296679.0,3337555867.0,3426964053.0
WLD,YR2012,7099557649.0,3366782574.0,3730938916.0
WLD,YR2016,7444157356.0,3395702229.0,4046606978.0
WSM,YR1992,165570.0,130373.0,35197.0
WSM,YR1996,171283.0,134258.0,37025.0
WSM,YR2000,174610.0,136236.0,38374.0
WSM,YR2004,178781.0,140420.0,38361.0
WSM,YR2008,183526.0,145859.0,37667.0
WSM,YR2012,189194.0,152067.0,37127.0
WSM,YR2016,195125.0,158674.0,36451.0
XKX,YR1992,1932000.0,,
XKX,YR1996,2059000.0,,
XKX,YR2000,1700000.0,,
XKX,YR2004,1704622.0,,
XKX,YR2008,1747383.0,,
XKX,YR2012,1805200.0,,
XKX,YR2016,1816200.0,,
YEM,YR1992,13325583.0,10386226.0,2939357.0
YEM,YR1996,15889449.0,12036417.0,3853032.0
YEM,YR2000,17874725.0,13179571.0,4695154.0
YEM,YR2004,20017068.0,14334222.0,5682846.0
YEM,YR2008,22356391.0,15511088.0,6845303.0
YEM,YR2012,24909969.0,16700141.0,8209828.0
YEM,YR2016,27584213.0,17821057.0,9763156.0
ZAF,YR1992,39360225.0,18484349.0,20875876.0
ZAF,YR1996,42898520.0,19318491.0,23580029.0
ZAF,YR2000,45728315.0,19713019.0,26015296.0
ZAF,YR2004,48247395.0,19784809.0,28462586.0
ZAF,YR2008,50412129.0,19583096.0,30829033.0
ZAF,YR2012,52998213.0,19465184.0,33533029.0
ZAF,YR2016,56015473.0,19414403.0,36601070.0
ZMB,YR1992,8452275.0,5196966.0,3255309.0
ZMB,YR1996,9394304.0,5952419.0,3441885.0
ZMB,YR2000,10531221.0,6866145.0,3665076.0
ZMB,YR2004,11731746.0,7457871.0,4273875.0
ZMB,YR2008,13082517.0,8062624.0,5019893.0
ZMB,YR2012,14699937.0,8767924.0,5932013.0
ZMB,YR2016,16591390.0,9550336.0,7041054.0
ZWE,YR1992,10682868.0,7424700.0,3258168.0
ZWE,YR1996,11518262.0,7817214.0,3701048.0
ZWE,YR2000,12222251.0,8096264.0,4125987.0
ZWE,YR2004,12777511.0,8395591.0,4381920.0
ZWE,YR2008,13558469.0,9008247.0,4550222.0
ZWE,YR2012,14710826.0,9880673.0,4830153.0
ZWE,YR2016,16150362.0,10934441.0,5215921.0
