economy,time,1.1_ACCESS.ELECTRICITY.TOT,1.2_ACCESS.ELECTRICITY.RURAL
ABW,YR1992,89.1158294677734,78.2344621051053
ABW,YR1996,90.3945846557617,81.4007969502741
ABW,YR2000,91.6603980031457,84.3583628446729
ABW,YR2004,92.2121658325195,85.864615256153
ABW,YR2008,93.086166381836,87.7954297271775
ABW,YR2012,94.2558135986328,90.0442292277689
ABW,YR2016,95.5701446533203,92.4528443723035
AFG,YR1992,0.00999999977648258,
AFG,YR1996,0.00999999977648258,
AFG,YR2000,0.959755897521973,
AFG,YR2004,17.2363185882568,
AFG,YR2008,42.4,32.5
AFG,YR2012,69.1,63.8
AFG,YR2016,84.1371383666992,78.9610743548116
AGO,YR1992,13.7604398727417,9.12124109512749
AGO,YR1996,18.4235019683838,11.9802014296401
AGO,YR2000,22.843355178833,14.0983540874914
AGO,YR2004,27.0097007751465,15.3365969478943
AGO,YR2008,31.2680130004883,16.0093751034264
AGO,YR2012,35.821964263916,16.284298196036
AGO,YR2016,40.5206069946289,15.9842091217441
AIA,YR1992,90.4,
AIA,YR1996,93.3305435180664,
AIA,YR2000,95.8211898803711,
AIA,YR2004,98.0626983642578,
AIA,YR2008,99.8498077392578,
AIA,YR2012,100.0,
AIA,YR2016,100.0,
ALB,YR1992,100.0,100.0
ALB,YR1996,100.0,100.0
ALB,YR2000,100.0,100.0
ALB,YR2004,100.0,100.0
ALB,YR2008,100.0,100.0
ALB,YR2012,100.0,100.0
ALB,YR2016,100.0,100.0
AND,YR1992,100.0,100.0
AND,YR1996,100.0,100.0
AND,YR2000,100.0,100.0
AND,YR2004,100.0,100.0
AND,YR2008,100.0,100.0
AND,YR2012,100.0,100.0
AND,YR2016,100.0,100.0
ANT,YR1992,,
ANT,YR1996,,
ANT,YR2000,,
ANT,YR2004,,
ANT,YR2008,,
ANT,YR2012,,
ANT,YR2016,,
ARE,YR1992,100.0,100.0
ARE,YR1996,100.0,100.0
ARE,YR2000,100.0,100.0
ARE,YR2004,100.0,100.0
ARE,YR2008,100.0,100.0
ARE,YR2012,100.0,100.0
ARE,YR2016,100.0,100.0
ARG,YR1992,91.6060180664063,91.6060180664062
ARG,YR1996,93.4742126464844,93.4742126464844
ARG,YR2000,95.0992050170898,95.0992050170897
ARG,YR2004,96.4706802368164,96.4706802368164
ARG,YR2008,97.9341278076172,97.9341278076173
ARG,YR2012,99.5844116210938,99.5844116210937
ARG,YR2016,100.0,100.0
ARM,YR1992,98.0238952636719,96.5701119218202
ARM,YR1996,98.6444702148438,97.9200233789221
ARM,YR2000,98.9,98.6
ARM,YR2004,99.1796951293945,98.8608247532795
ARM,YR2008,99.4156494140625,99.1165209563131
ARM,YR2012,99.8788757324219,99.7873630684024
ARM,YR2016,100.0,100.0
ASM,YR1992,,
ASM,YR1996,,
ASM,YR2000,,
ASM,YR2004,,
ASM,YR2008,,
ASM,YR2012,,
ASM,YR2016,,
ATG,YR1992,86.1865005493164,78.7204501021651
ATG,YR1996,88.2508926391602,82.3083824492664
ATG,YR2000,90.0720825195313,85.3728110788194
ATG,YR2004,91.639762878418,88.0994103076068
ATG,YR2008,93.2994079589844,90.8022997669207
ATG,YR2012,95.2546920776367,93.6665174886193
ATG,YR2016,97.3546676635742,96.5468913480825
AUS,YR1992,100.0,100.0
AUS,YR1996,100.0,100.0
AUS,YR2000,100.0,100.0
AUS,YR2004,100.0,100.0
AUS,YR2008,100.0,100.0
AUS,YR2012,100.0,100.0
AUS,YR2016,100.0,100.0
AUT,YR1992,100.0,100.0
AUT,YR1996,100.0,100.0
AUT,YR2000,100.0,100.0
AUT,YR2004,100.0,100.0
AUT,YR2008,100.0,100.0
AUT,YR2012,100.0,100.0
AUT,YR2016,100.0,100.0
AZE,YR1992,96.4567184448242,93.6248982216512
AZE,YR1996,97.5674896240234,95.7463073292847
AZE,YR2000,98.9082224496759,97.8164173069147
AZE,YR2004,99.0534973144531,98.4148223393042
AZE,YR2008,99.7418060302734,99.5873688808444
AZE,YR2012,99.9997100830078,99.9998970772107
AZE,YR2016,100.0,100.0
BDI,YR1992,1.02795505523682,
BDI,YR1996,2.32440948486328,
BDI,YR2000,3.37765550613403,
BDI,YR2004,4.1773943901062,
BDI,YR2008,4.8,1.2
BDI,YR2012,6.5,1.2
BDI,YR2016,7.58847713470459,1.65223551976685
BEL,YR1992,100.0,100.0
BEL,YR1996,100.0,100.0
BEL,YR2000,100.0,100.0
BEL,YR2004,100.0,100.0
BEL,YR2008,100.0,100.0
BEL,YR2012,100.0,100.0
BEL,YR2016,100.0,100.0
BEN,YR1992,10.0560998916626,
BEN,YR1996,14.5,2.0
BEN,YR2000,20.6677970886231,5.08834029923345
BEN,YR2004,25.5985355377197,8.39128445925046
BEN,YR2008,30.6212387084961,11.5527283587661
BEN,YR2012,38.4,14.5
BEN,YR2016,41.4026145935059,17.9698002077629
BES,YR1992,,
BES,YR1996,,
BES,YR2000,,
BES,YR2004,,
BES,YR2008,,
BES,YR2012,,
BES,YR2016,,
BFA,YR1992,4.00637006759644,
BFA,YR1996,6.73579454421997,1.34997595102071
BFA,YR2000,9.22201061248779,2.29800929468112
BFA,YR2004,11.454719543457,2.4516066276455
BFA,YR2008,13.7793941497803,2.14285919883479
BFA,YR2012,16.3997077941895,1.6305843577905
BFA,YR2016,19.1647129058838,0.765470963075056
BGD,YR1992,13.4442501068115,
BGD,YR1996,23.1817989349365,9.25869218601573
BGD,YR2000,32.0,20.5
BGD,YR2004,40.6,30.4
BGD,YR2008,51.2497749328613,37.5653920026175
BGD,YR2012,60.8782157897949,47.5702915404016
BGD,YR2016,75.92,68.85
BGR,YR1992,100.0,100.0
BGR,YR1996,100.0,100.0
BGR,YR2000,100.0,100.0
BGR,YR2004,100.0,100.0
BGR,YR2008,100.0,100.0
BGR,YR2012,100.0,100.0
BGR,YR2016,100.0,100.0
BHR,YR1992,,
BHR,YR1996,,
BHR,YR2000,,
BHR,YR2004,100.0,100.0
BHR,YR2008,100.0,100.0
BHR,YR2012,100.0,100.0
BHR,YR2016,100.0,100.0
BHS,YR1992,91.8292922973633,84.6910811711975
BHS,YR1996,93.8432769775391,90.082699734609
BHS,YR2000,95.6140518188477,94.9165166427392
BHS,YR2004,97.1313247680664,98.8976580318334
BHS,YR2008,98.7536849975586,100.0
BHS,YR2012,99.9557952880859,100.0
BHS,YR2016,100.0,100.0
BIH,YR1992,97.3383102416992,96.7565792629424
BIH,YR1996,98.1699523925781,97.8473909129268
BIH,YR2000,98.7678527832031,98.6023239419104
BIH,YR2004,99.1321105957031,99.0112140819016
BIH,YR2008,99.5800399780273,99.5009252538641
BIH,YR2012,99.9866180419922,99.9823461463361
BIH,YR2016,100.0,100.0
BLR,YR1992,100.0,100.0
BLR,YR1996,100.0,100.0
BLR,YR2000,100.0,100.0
BLR,YR2004,100.0,100.0
BLR,YR2008,100.0,100.0
BLR,YR2012,100.0,100.0
BLR,YR2016,100.0,100.0
BLZ,YR1992,88.4140396118164,79.6688360595644
BLZ,YR1996,89.2504577636719,81.3664539009173
BLZ,YR2000,89.8436584472656,82.6983848925493
BLZ,YR2004,90.1833572387695,83.9299526449321
BLZ,YR2008,90.6150207519531,85.1897794999605
BLZ,YR2012,91.3423233032227,86.7662835786619
BLZ,YR2016,92.2143173217773,88.4200865737024
BMU,YR1992,100.0,
BMU,YR1996,100.0,
BMU,YR2000,100.0,
BMU,YR2004,100.0,
BMU,YR2008,100.0,
BMU,YR2012,100.0,
BMU,YR2016,100.0,
BOL,YR1992,59.324348449707,11.5438719620092
BOL,YR1996,71.0,34.7
BOL,YR2000,69.963045,24.932479
BOL,YR2004,76.0509185791016,40.6190173558239
BOL,YR2008,84.674991,56.135089
BOL,YR2012,90.387375,72.458314
BOL,YR2016,93.0391311645508,79.145023819414
BRA,YR1992,88.803833,54.332727
BRA,YR1996,92.867095,66.942201
BRA,YR2000,94.4665679931641,74.9041610654805
BRA,YR2004,96.765107,81.507163
BRA,YR2008,98.526625,91.398435
BRA,YR2012,99.519494,97.022847
BRA,YR2016,100.0,100.0
BRB,YR1992,,
BRB,YR1996,,
BRB,YR2000,100.0,100.0
BRB,YR2004,100.0,100.0
BRB,YR2008,100.0,100.0
BRB,YR2012,100.0,100.0
BRB,YR2016,100.0,100.0
BRN,YR1992,100.0,100.0
BRN,YR1996,100.0,100.0
BRN,YR2000,100.0,100.0
BRN,YR2004,100.0,100.0
BRN,YR2008,100.0,100.0
BRN,YR2012,100.0,100.0
BRN,YR2016,100.0,100.0
BTN,YR1992,1.83413994312286,
BTN,YR1996,17.1647396087647,
BTN,YR2000,34.9193420410156,14.0123839678922
BTN,YR2004,52.4204368591308,33.3262095049106
BTN,YR2008,70.0135040283203,55.8383683500876
BTN,YR2012,91.5,87.3
BTN,YR2016,100.0,100.0
BWA,YR1992,10.3697214126587,2.90602170483706
BWA,YR1996,18.9592018127441,9.22926022034858
BWA,YR2000,27.3054733276367,14.6243061548164
BWA,YR2004,35.3982353210449,19.99743063555
BWA,YR2008,43.1,42.9
BWA,YR2012,52.0633392333984,31.5890553491059
BWA,YR2016,60.6883964538574,37.4945434437789
CAF,YR1992,1.08137118816376,
CAF,YR1996,3.43502855300903,
CAF,YR2000,6.0,0.7
CAF,YR2004,7.40241956710815,0.283550454371844
CAF,YR2008,9.35132789611816,0.242466063820815
CAF,YR2012,11.5958757400513,0.356717797116942
CAF,YR2016,13.9851121902466,0.363603775194712
CAN,YR1992,100.0,100.0
CAN,YR1996,100.0,100.0
CAN,YR2000,100.0,100.0
CAN,YR2004,100.0,100.0
CAN,YR2008,100.0,100.0
CAN,YR2012,100.0,100.0
CAN,YR2016,100.0,100.0
CCA,YR1992,,
CCA,YR1996,,
CCA,YR2000,,
CCA,YR2004,,
CCA,YR2008,,
CCA,YR2012,,
CCA,YR2016,,
CHE,YR1992,100.0,100.0
CHE,YR1996,100.0,100.0
CHE,YR2000,100.0,100.0
CHE,YR2004,100.0,100.0
CHE,YR2008,100.0,100.0
CHE,YR2012,100.0,100.0
CHE,YR2016,100.0,100.0
CHI,YR1992,100.0,100.0
CHI,YR1996,100.0,100.0
CHI,YR2000,100.0,100.0
CHI,YR2004,100.0,100.0
CHI,YR2008,100.0,100.0
CHI,YR2012,100.0,100.0
CHI,YR2016,100.0,100.0
CHL,YR1992,94.560057,70.328551
CHL,YR1996,95.617315,74.767206
CHL,YR2000,97.938687,86.572004
CHL,YR2004,97.870491027832,86.5137693262235
CHL,YR2008,98.8176727294922,92.5115904201348
CHL,YR2012,99.8582229614258,99.2704182836274
CHL,YR2016,100.0,100.0
CHN,YR1992,93.0951156616211,90.6250232069605
CHN,YR1996,94.7911224365235,92.5315610086531
CHN,YR2000,96.2439270019531,94.142393525458
CHN,YR2004,97.4432144165039,95.7631228956269
CHN,YR2008,98.7499160766602,97.6808575144427
CHN,YR2012,99.9163818359375,99.8261974099054
CHN,YR2016,100.0,100.0
CIV,YR1992,39.9045600891113,16.2239815937407
CIV,YR1996,44.3240585327148,20.0893655288843
CIV,YR2000,48.5003471374512,23.1661687254709
CIV,YR2004,52.4231300354004,25.1042571550602
CIV,YR2008,56.4378814697266,26.766988271278
CIV,YR2012,55.8,29.0
CIV,YR2016,64.3,38.1
CMR,YR1992,32.5555992126465,7.0752687610139
CMR,YR1996,37.3451614379883,10.0932960148248
CMR,YR2000,41.0,21.0
CMR,YR2004,47.1,15.5
CMR,YR2008,50.5691757202148,16.5623622710969
CMR,YR2012,55.249626159668,18.8284315667303
CMR,YR2016,60.0747680664063,21.2703972709478
COD,YR1992,1.18300318717957,
COD,YR1996,4.04676628112793,
COD,YR2000,6.7,1.0
COD,YR2004,9.03436851501465,
COD,YR2008,11.4933834075928,
COD,YR2012,15.4,1.0
COD,YR2016,17.1473789215088,
COG,YR1992,1.62760376930237,
COG,YR1996,10.9870653152466,
COG,YR2000,20.1033191680908,
COG,YR2004,28.966064453125,2.65304469960317
COG,YR2008,37.9207763671875,9.09146752093699
COG,YR2012,41.6,11.7
COG,YR2016,56.5661697387695,22.6253579795672
COK,YR1992,95.8395004272461,94.7569733640309
COK,YR1996,96.8380966186523,96.2026588402026
COK,YR2000,97.5934906005859,97.3007135676061
COK,YR2004,98.0997543334961,97.9931727473444
COK,YR2008,98.7046661376953,98.8486865436285
COK,YR2012,99.5715942382812,100.0
COK,YR2016,100.0,100.0
COL,YR1992,91.1531982421875,74.3456365251517
COL,YR1996,92.6647720336914,77.5918402867061
COL,YR2000,95.2,83.8
COL,YR2004,94.9480056762695,83.2681699414901
COL,YR2008,96.806763,87.470664
COL,YR2012,97.032176,87.858058
COL,YR2016,99.0044555664063,95.7258094425259
COM,YR1992,20.2330932617188,8.17660504668852
COM,YR1996,28.9,19.6
COM,YR2000,39.5996589660645,29.9484292721018
COM,YR2004,48.9078330993652,40.3269275358368
COM,YR2008,58.3079681396484,50.7290412234953
COM,YR2012,69.3,61.4
COM,YR2016,77.8442153930664,72.1928710702143
CPV,YR1992,37.3000144958496,4.57006693873915
CPV,YR1996,46.7216453552246,15.1862376748945
CPV,YR2000,55.9000663757324,26.6157542723412
CPV,YR2004,64.8249816894531,39.386054064519
CPV,YR2008,73.8418579101563,54.0251331005145
CPV,YR2012,83.1543807983398,71.4132067855962
CPV,YR2016,92.6115875244141,91.8302923938069
CRI,YR1992,97.7932281494141,95.4188155350414
CRI,YR1996,98.356689453125,96.3101274441196
CRI,YR2000,98.686408996582,96.8445300423016
CRI,YR2004,98.954779,97.58591
CRI,YR2008,99.263937,98.282766
CRI,YR2012,99.503298,98.690151
CRI,YR2016,100.0,100.0
CUB,YR1992,93.4771728515625,78.3899655733555
CUB,YR1996,95.3254547119141,83.4873369905727
CUB,YR2000,97.0,87.9
CUB,YR2004,98.286491394043,92.8485736833711
CUB,YR2008,99.6403656005859,98.4752857263255
CUB,YR2012,100.0,100.0
CUB,YR2016,100.0,100.0
CUW,YR1992,100.0,100.0
CUW,YR1996,100.0,100.0
CUW,YR2000,100.0,100.0
CUW,YR2004,100.0,100.0
CUW,YR2008,100.0,100.0
CUW,YR2012,100.0,100.0
CUW,YR2016,100.0,100.0
CYM,YR1992,100.0,
CYM,YR1996,100.0,
CYM,YR2000,100.0,
CYM,YR2004,100.0,
CYM,YR2008,100.0,
CYM,YR2012,100.0,
CYM,YR2016,100.0,
CYP,YR1992,100.0,100.0
CYP,YR1996,100.0,100.0
CYP,YR2000,100.0,100.0
CYP,YR2004,100.0,100.0
CYP,YR2008,100.0,100.0
CYP,YR2012,100.0,100.0
CYP,YR2016,100.0,100.0
CZE,YR1992,100.0,100.0
CZE,YR1996,100.0,100.0
CZE,YR2000,100.0,100.0
CZE,YR2004,100.0,100.0
CZE,YR2008,100.0,100.0
CZE,YR2012,100.0,100.0
CZE,YR2016,100.0,100.0
DEU,YR1992,100.0,100.0
DEU,YR1996,100.0,100.0
DEU,YR2000,100.0,100.0
DEU,YR2004,100.0,100.0
DEU,YR2008,100.0,100.0
DEU,YR2012,100.0,100.0
DEU,YR2016,100.0,100.0
DJI,YR1992,59.1294631958008,81.9655041708463
DJI,YR1996,62.0,11.1
DJI,YR2000,56.8433990478515,56.2755806573281
DJI,YR2004,55.3252563476563,41.817379991492
DJI,YR2008,53.8990783691406,27.1818283685608
DJI,YR2012,54.6,4.372199059
DJI,YR2016,51.7826919555664,
DMA,YR1992,69.0630264282227,69.0630264282227
DMA,YR1996,75.0660018920898,75.0660018920899
DMA,YR2000,80.8257675170898,80.8257675170898
DMA,YR2004,86.33203125,86.33203125
DMA,YR2008,90.9,90.9000000000001
DMA,YR2012,97.8241195678711,97.8241195678711
DMA,YR2016,100.0,100.0
DNK,YR1992,100.0,100.0
DNK,YR1996,100.0,100.0
DNK,YR2000,100.0,100.0
DNK,YR2004,100.0,100.0
DNK,YR2008,100.0,100.0
DNK,YR2012,100.0,100.0
DNK,YR2016,100.0,100.0
DOM,YR1992,81.4284744262695,64.0858315708272
DOM,YR1996,85.0258407592773,69.5673182794531
DOM,YR2000,88.764932,73.788668
DOM,YR2004,90.316567,80.451235
DOM,YR2008,97.576197,93.312888
DOM,YR2012,97.86705,94.211009
DOM,YR2016,100.0,100.0
DZA,YR1992,98.4836578369141,96.728001617667
DZA,YR1996,98.8460083007812,97.3311713444172
DZA,YR2000,98.9651565551758,97.5702469125122
DZA,YR2004,98.8307876586914,97.4150873109544
DZA,YR2008,99.3,97.9106348685192
DZA,YR2012,98.7646604654583,97.8587842072279
DZA,YR2016,99.439567565918,98.9553723612358
ECU,YR1992,89.9099426269531,78.6343665074868
ECU,YR1996,91.7841186523438,81.7961881041011
ECU,YR2000,93.4150924682617,84.7767455508172
ECU,YR2004,94.7925567626953,87.7333763992815
ECU,YR2008,97.206576,92.140953
ECU,YR2012,97.194929,92.33289
ECU,YR2016,99.9368133544922,99.8245984776873
EGY,YR1992,93.4,87.9
EGY,YR1996,96.0658493041992,93.7713890267509
EGY,YR2000,97.7,95.9
EGY,YR2004,98.1013488769531,98.904388428
EGY,YR2008,99.8,99.3
EGY,YR2012,99.7,99.84715271
EGY,YR2016,100.0,100.0
ERI,YR1992,20.1817874908447,8.50736672645569
ERI,YR1996,24.8012676239014,13.7035412280665
ERI,YR2000,29.1775379180908,18.5888178810021
ERI,YR2004,33.3003044128418,23.1688897509744
ERI,YR2008,37.5150337219238,27.8592024450836
ERI,YR2012,42.0254058837891,33.1484362811866
ERI,YR2016,46.6804618835449,39.274702930261
ESH,YR1992,,
ESH,YR1996,,
ESH,YR2000,,
ESH,YR2004,,
ESH,YR2008,,
ESH,YR2012,,
ESH,YR2016,,
ESP,YR1992,100.0,100.0
ESP,YR1996,100.0,100.0
ESP,YR2000,100.0,100.0
ESP,YR2004,100.0,100.0
ESP,YR2008,100.0,100.0
ESP,YR2012,100.0,100.0
ESP,YR2016,100.0,100.0
EST,YR1992,100.0,100.0
EST,YR1996,100.0,100.0
EST,YR2000,100.0,100.0
EST,YR2004,100.0,100.0
EST,YR2008,100.0,100.0
EST,YR2012,100.0,100.0
EST,YR2016,100.0,100.0
ETH,YR1992,0.0273247733712196,
ETH,YR1996,2.78076887130737,
ETH,YR2000,12.7,0.4
ETH,YR2004,15.4590759277344,3.32851464131796
ETH,YR2008,21.7634429931641,9.49081963933773
ETH,YR2012,28.3634471893311,15.5164428700546
ETH,YR2016,42.9,26.5
FIN,YR1992,100.0,100.0
FIN,YR1996,100.0,100.0
FIN,YR2000,100.0,100.0
FIN,YR2004,100.0,100.0
FIN,YR2008,100.0,100.0
FIN,YR2012,100.0,100.0
FIN,YR2016,100.0,100.0
FJI,YR1992,63.5214538574219,45.2214388573488
FJI,YR1996,66.9,47.3893548942131
FJI,YR2000,75.3925094604492,60.686152946066
FJI,YR2004,80.9529266357422,69.0059898352088
FJI,YR2008,86.16,76.06
FJI,YR2012,92.553337097168,87.5613966500393
FJI,YR2016,98.6460494995117,98.0183531811611
FLK,YR1992,,
FLK,YR1996,,
FLK,YR2000,,
FLK,YR2004,,
FLK,YR2008,,
FLK,YR2012,,
FLK,YR2016,,
FRA,YR1992,100.0,100.0
FRA,YR1996,100.0,100.0
FRA,YR2000,100.0,100.0
FRA,YR2004,100.0,100.0
FRA,YR2008,100.0,100.0
FRA,YR2012,100.0,100.0
FRA,YR2016,100.0,100.0
FRO,YR1992,100.0,100.0
FRO,YR1996,100.0,100.0
FRO,YR2000,100.0,100.0
FRO,YR2004,100.0,100.0
FRO,YR2008,100.0,100.0
FRO,YR2012,100.0,100.0
FRO,YR2016,100.0,100.0
FSM,YR1992,31.8054122924805,21.9033229436207
FSM,YR1996,39.2800712585449,30.724015351455
FSM,YR2000,46.0,10.0
FSM,YR2004,53.4894714355469,47.0420283093808
FSM,YR2008,60.559383392334,54.6639934133172
FSM,YR2012,67.924934387207,62.6058673004648
FSM,YR2016,75.435173034668,70.6666888740954
GAB,YR1992,66.7955017089844,11.1868479132993
GAB,YR1996,71.0985336303711,9.75765414815445
GAB,YR2000,73.6,29.7
GAB,YR2004,78.9646835327148,13.9442511078023
GAB,YR2008,82.8629608154297,22.0017320776442
GAB,YR2012,89.3,44.9
GAB,YR2016,91.3955001831055,54.9649505185154
GBR,YR1992,100.0,100.0
GBR,YR1996,100.0,100.0
GBR,YR2000,100.0,100.0
GBR,YR2004,100.0,100.0
GBR,YR2008,100.0,100.0
GBR,YR2012,100.0,100.0
GBR,YR2016,100.0,100.0
GCA,YR1992,,
GCA,YR1996,,
GCA,YR2000,,
GCA,YR2004,,
GCA,YR2008,,
GCA,YR2012,,
GCA,YR2016,,
GCN,YR1992,,
GCN,YR1996,,
GCN,YR2000,,
GCN,YR2004,,
GCN,YR2008,,
GCN,YR2012,,
GCN,YR2016,,
GEA,YR1992,,
GEA,YR1996,,
GEA,YR2000,,
GEA,YR2004,,
GEA,YR2008,,
GEA,YR2012,,
GEA,YR2016,,
GEE,YR1992,,
GEE,YR1996,,
GEE,YR2000,,
GEE,YR2004,,
GEE,YR2008,,
GEE,YR2012,,
GEE,YR2016,,
GEJ,YR1992,,
GEJ,YR1996,,
GEJ,YR2000,,
GEJ,YR2004,,
GEJ,YR2008,,
GEJ,YR2012,,
GEJ,YR2016,,
GEO,YR1992,97.6999664306641,96.7787630954124
GEO,YR1996,98.3582000732422,97.8713550844485
GEO,YR2000,98.7826919555664,98.5264562744385
GEO,YR2004,98.9735412597656,98.7399279292058
GEO,YR2008,99.2495574951172,99.0300074468612
GEO,YR2012,100.0,100.0
GEO,YR2016,100.0,100.0
GEU,YR1992,,
GEU,YR1996,,
GEU,YR2000,,
GEU,YR2004,,
GEU,YR2008,,
GEU,YR2012,,
GEU,YR2016,,
GHA,YR1992,27.8376350402832,
GHA,YR1996,36.3781776428223,8.30695682022611
GHA,YR2000,44.6755104064941,17.4920819596099
GHA,YR2004,52.7193374633789,27.3742208504378
GHA,YR2008,60.5,38.2
GHA,YR2012,69.2865600585938,50.2576338574684
GHA,YR2016,79.3,66.6
GIB,YR1992,100.0,
GIB,YR1996,100.0,
GIB,YR2000,100.0,
GIB,YR2004,100.0,
GIB,YR2008,100.0,
GIB,YR2012,100.0,
GIB,YR2016,100.0,
GIN,YR1992,8.5188455581665,
GIN,YR1996,12.6361989974976,
GIN,YR2000,16.5103454589844,
GIN,YR2004,20.1309833526611,
GIN,YR2008,23.8435878753662,0.984152423639168
GIN,YR2012,26.2,2.9
GIN,YR2016,33.5,6.9
GLC,YR1992,,
GLC,YR1996,,
GLC,YR2000,,
GLC,YR2004,,
GLC,YR2008,,
GLC,YR2012,,
GLC,YR2016,,
GLP,YR1992,,
GLP,YR1996,,
GLP,YR2000,,
GLP,YR2004,,
GLP,YR2008,,
GLP,YR2012,,
GLP,YR2016,,
GMB,YR1992,18.779748916626,3.31692724641493
GMB,YR1996,23.8123397827148,6.14329216907686
GMB,YR2000,34.3,18.19
GMB,YR2004,33.1375961303711,9.93235284441924
GMB,YR2008,37.765438079834,11.3791206321526
GMB,YR2012,42.6889152526856,13.274014670046
GMB,YR2016,47.7570877075195,15.5292451736138
GNA,YR1992,,
GNA,YR1996,,
GNA,YR2000,,
GNA,YR2004,,
GNA,YR2008,,
GNA,YR2012,,
GNA,YR2016,,
GNB,YR1992,0.541686713695526,
GNB,YR1996,3.09707117080689,
GNB,YR2000,5.40924739837646,
GNB,YR2004,7.46791648864746,
GNB,YR2008,9.61855220794678,
GNB,YR2012,12.0648260116577,
GNB,YR2016,14.6557903289795,
GNQ,YR1992,59.4290771484375,36.2453917051014
GNQ,YR1996,61.0421485900879,37.6617231883113
GNQ,YR2000,62.4120063781738,40.8811893928342
GNQ,YR2004,63.5283622741699,43.6944340502157
GNQ,YR2008,64.7366790771484,46.4490617553931
GNQ,YR2012,66.2406387329102,49.4568195026761
GNQ,YR2016,67.889289855957,52.5734810186781
GOC,YR1992,,
GOC,YR1996,,
GOC,YR2000,,
GOC,YR2004,,
GOC,YR2008,,
GOC,YR2012,,
GOC,YR2016,,
GRC,YR1992,100.0,100.0
GRC,YR1996,100.0,100.0
GRC,YR2000,100.0,100.0
GRC,YR2004,100.0,100.0
GRC,YR2008,100.0,100.0
GRC,YR2012,100.0,100.0
GRC,YR2016,100.0,100.0
GRD,YR1992,82.5127487182617,82.5127487182617
GRD,YR1996,84.3543853759766,84.3543853759766
GRD,YR2000,85.9528198242188,85.9528198242188
GRD,YR2004,87.297737121582,87.297737121582
GRD,YR2008,90.0,90.0
GRD,YR2012,90.467155456543,90.467155456543
GRD,YR2016,92.344367980957,92.344367980957
GRL,YR1992,100.0,100.0
GRL,YR1996,100.0,100.0
GRL,YR2000,100.0,100.0
GRL,YR2004,100.0,100.0
GRL,YR2008,100.0,100.0
GRL,YR2012,100.0,100.0
GRL,YR2016,100.0,100.0
GSA,YR1992,,
GSA,YR1996,,
GSA,YR2000,,
GSA,YR2004,,
GSA,YR2008,,
GSA,YR2012,,
GSA,YR2016,,
GSE,YR1992,,
GSE,YR1996,,
GSE,YR2000,,
GSE,YR2004,,
GSE,YR2008,,
GSE,YR2012,,
GSE,YR2016,,
GSS,YR1992,,
GSS,YR1996,,
GSS,YR2000,,
GSS,YR2004,,
GSS,YR2008,,
GSS,YR2012,,
GSS,YR2016,,
GTM,YR1992,62.7416229248047,42.0904191267992
GTM,YR1996,67.7842559814453,48.9317983200646
GTM,YR2000,73.318205,56.376971
GTM,YR2004,77.1296005249023,62.4756894701763
GTM,YR2008,81.7674865722656,69.6565795361173
GTM,YR2012,86.7010116577148,77.6556895962385
GTM,YR2016,91.7792282104492,86.363775519219
GUF,YR1992,,
GUF,YR1996,,
GUF,YR2000,,
GUF,YR2004,,
GUF,YR2008,,
GUF,YR2012,,
GUF,YR2016,,
GUM,YR1992,,
GUM,YR1996,100.0,100.0
GUM,YR2000,100.0,100.0
GUM,YR2004,100.0,100.0
GUM,YR2008,100.0,100.0
GUM,YR2012,100.0,100.0
GUM,YR2016,100.0,100.0
GUY,YR1992,69.5662689208984,62.8244488282205
GUY,YR1996,72.2154083251953,66.3741318808532
GUY,YR2000,74.6213455200195,69.5870271679767
GUY,YR2004,76.7737655639648,72.4444961094904
GUY,YR2008,79.0181579589844,75.3368717573486
GUY,YR2012,81.5581893920899,78.5258101208326
GUY,YR2016,84.2429046630859,81.8613599498453
GWA,YR1992,,
GWA,YR1996,,
GWA,YR2000,,
GWA,YR2004,,
GWA,YR2008,,
GWA,YR2012,,
GWA,YR2016,,
GWL,YR1992,,
GWL,YR1996,,
GWL,YR2000,,
GWL,YR2004,,
GWL,YR2008,,
GWL,YR2012,,
GWL,YR2016,,
HIC,YR1992,,
HIC,YR1996,,
HIC,YR2000,,
HIC,YR2004,,
HIC,YR2008,,
HIC,YR2012,,
HIC,YR2016,,
HKG,YR1992,100.0,100.0
HKG,YR1996,100.0,
HKG,YR2000,100.0,
HKG,YR2004,100.0,
HKG,YR2008,100.0,
HKG,YR2012,100.0,
HKG,YR2016,100.0,
HND,YR1992,58.913112,32.042222
HND,YR1996,61.68112,34.068518
HND,YR2000,67.6167221069336,45.2479469089427
HND,YR2004,67.113528,40.095758
HND,YR2008,76.396899,55.266458
HND,YR2012,83.607727,69.21689
HND,YR2016,87.5766296386719,72.1978981788138
HRV,YR1992,100.0,100.0
HRV,YR1996,100.0,100.0
HRV,YR2000,100.0,100.0
HRV,YR2004,100.0,100.0
HRV,YR2008,100.0,100.0
HRV,YR2012,100.0,100.0
HRV,YR2016,100.0,100.0
HTI,YR1992,28.9460277557373,9.82799248241159
HTI,YR1996,30.7730846405029,10.8773006007408
HTI,YR2000,33.7,5.2
HTI,YR2004,33.6872749328613,8.1688408694147
HTI,YR2008,35.1095809936523,4.27649942047264
HTI,YR2012,37.9,15.2
HTI,YR2016,38.6901664733887,
HUN,YR1992,100.0,100.0
HUN,YR1996,100.0,100.0
HUN,YR2000,100.0,100.0
HUN,YR2004,100.0,100.0
HUN,YR2008,100.0,100.0
HUN,YR2012,100.0,100.0
HUN,YR2016,100.0,100.0
IDN,YR1992,65.1091842651367,51.7733117729357
IDN,YR1996,72.39,59.5661044940463
IDN,YR2000,86.3,79.7248643411782
IDN,YR2004,89.01,82.6957739790792
IDN,YR2008,92.73,87.7196644249815
IDN,YR2012,96.0,92.9
IDN,YR2016,97.62,94.7731365689459
IMN,YR1992,100.0,100.0
IMN,YR1996,100.0,100.0
IMN,YR2000,100.0,100.0
IMN,YR2004,100.0,100.0
IMN,YR2008,100.0,100.0
IMN,YR2012,100.0,100.0
IMN,YR2016,100.0,100.0
IND,YR1992,46.5859222412109,33.4554976334482
IND,YR1996,53.1124382019043,40.9175322227352
IND,YR2000,59.3957443237305,48.1816286732758
IND,YR2004,64.4,53.5999198920632
IND,YR2008,71.5473175048828,62.1101038287165
IND,YR2012,79.9,72.7
IND,YR2016,84.5268173217773,77.6286901645437
IRL,YR1992,100.0,100.0
IRL,YR1996,100.0,100.0
IRL,YR2000,100.0,100.0
IRL,YR2004,100.0,100.0
IRL,YR2008,100.0,100.0
IRL,YR2012,100.0,100.0
IRL,YR2016,100.0,100.0
IRN,YR1992,96.0842132568359,91.0999062819718
IRN,YR1996,97.0314331054688,92.6133608861358
IRN,YR2000,97.9,94.6
IRN,YR2004,98.1903381347656,94.878521661154
IRN,YR2008,98.7438735961914,96.1653639169513
IRN,YR2012,99.5637664794922,98.4671455655235
IRN,YR2016,100.0,100.0
IRQ,YR1992,94.1306381225586,86.3810388616882
IRQ,YR1996,95.3692932128906,89.40705663347
IRQ,YR2000,96.36474609375,91.5858919637373
IRQ,YR2004,97.106689453125,93.0255698193355
IRQ,YR2008,97.9405975341797,94.5780881567722
IRQ,YR2012,99.3,98.6
IRQ,YR2016,100.0,100.0
ISL,YR1992,100.0,100.0
ISL,YR1996,100.0,100.0
ISL,YR2000,100.0,100.0
ISL,YR2004,100.0,100.0
ISL,YR2008,100.0,100.0
ISL,YR2012,100.0,100.0
ISL,YR2016,100.0,100.0
ISR,YR1992,100.0,100.0
ISR,YR1996,100.0,100.0
ISR,YR2000,100.0,100.0
ISR,YR2004,100.0,100.0
ISR,YR2008,100.0,100.0
ISR,YR2012,100.0,100.0
ISR,YR2016,100.0,100.0
ITA,YR1992,100.0,100.0
ITA,YR1996,100.0,100.0
ITA,YR2000,100.0,100.0
ITA,YR2004,100.0,100.0
ITA,YR2008,100.0,100.0
ITA,YR2012,100.0,100.0
ITA,YR2016,100.0,100.0
JAM,YR1992,77.5078353881836,69.7847131505748
JAM,YR1996,85.706045,75.913615
JAM,YR2000,84.5695037841797,76.7708530181274
JAM,YR2004,87.725227355957,79.6541598449405
JAM,YR2008,92.0,83.8730466308289
JAM,YR2012,93.1,84.9800294904081
JAM,YR2016,98.2042694091797,96.0068244010101
JOR,YR1992,97.608268737793,92.1594736783127
JOR,YR1996,98.3044281005859,94.0206547113229
JOR,YR2000,98.766845703125,95.9356370163145
JOR,YR2004,99.173436820348,98.0853584948435
JOR,YR2008,99.3095474243164,98.5813064088689
JOR,YR2012,99.5,99.4
JOR,YR2016,100.0,100.0
JPN,YR1992,100.0,100.0
JPN,YR1996,100.0,100.0
JPN,YR2000,100.0,100.0
JPN,YR2004,100.0,100.0
JPN,YR2008,100.0,100.0
JPN,YR2012,100.0,100.0
JPN,YR2016,100.0,100.0
KAZ,YR1992,98.059944152832,96.2351068862872
KAZ,YR1996,98.6717300415039,97.4531815224283
KAZ,YR2000,99.0473861694336,98.233332205702
KAZ,YR2004,99.1893997192383,98.569369912886
KAZ,YR2008,99.4165649414063,98.9773444528421
KAZ,YR2012,99.8747329711914,99.7540913809024
KAZ,YR2016,100.0,100.0
KEN,YR1992,5.91088104248047,
KEN,YR1996,11.0336608886719,3.40208852876404
KEN,YR2000,15.9132328033447,7.42276335206822
KEN,YR2004,20.5392971038818,11.027404726396
KEN,YR2008,25.2573299407959,14.608634456887
KEN,YR2012,30.2709999084473,18.3898831636356
KEN,YR2016,56.0,39.3
KGZ,YR1992,99.3598251342773,99.0706056365854
KGZ,YR1996,99.6689071655273,99.5403385052642
KGZ,YR2000,99.7347793579102,99.66065483502
KGZ,YR2004,99.5471420288086,99.4190383106033
KGZ,YR2008,99.4514694213867,99.2710536206363
KGZ,YR2012,99.8,99.8
KGZ,YR2016,99.9961013793945,99.9939226490173
KHM,YR1992,0.477305948734283,
KHM,YR1996,7.13599586486816,
KHM,YR2000,16.6,9.0
KHM,YR2004,23.9372177124023,12.753463327995
KHM,YR2008,26.4,13.1
KHM,YR2012,40.9645042419434,27.9560444122404
KHM,YR2016,49.7706565856934,36.4627894300957
KIR,YR1992,35.7880363464355,2.59136008341505
KIR,YR1996,44.1824417114258,14.0279503897857
KIR,YR2000,52.3336410522461,21.4593446252898
KIR,YR2004,60.231330871582,35.8127125492283
KIR,YR2008,68.2209930419922,50.9082035711506
KIR,YR2012,76.5062866210938,66.3805229426902
KIR,YR2016,84.9362716674805,82.20165826841
KNA,YR1992,88.7143249511719,83.8397395438274
KNA,YR1996,90.9959945678711,87.2451804250512
KNA,YR2000,93.0344467163086,90.2575285762635
KNA,YR2004,94.8193969726563,92.854999563334
KNA,YR2008,96.6963119506836,95.4852753619649
KNA,YR2012,98.8642120361328,98.4400711491655
KNA,YR2016,100.0,100.0
KOR,YR1992,,
KOR,YR1996,100.0,100.0
KOR,YR2000,100.0,100.0
KOR,YR2004,100.0,100.0
KOR,YR2008,100.0,100.0
KOR,YR2012,100.0,100.0
KOR,YR2016,100.0,100.0
KWT,YR1992,100.0,100.0
KWT,YR1996,100.0,100.0
KWT,YR2000,100.0,100.0
KWT,YR2004,100.0,100.0
KWT,YR2008,100.0,100.0
KWT,YR2012,100.0,100.0
KWT,YR2016,100.0,100.0
LAO,YR1992,20.947582244873,6.6167533363645
LAO,YR1996,32.1753158569336,17.9950683616398
LAO,YR2000,43.159839630127,28.276563600936
LAO,YR2004,53.8908538818359,38.8505340360903
LAO,YR2008,66.0,53.0
LAO,YR2012,76.3666277465237,68.3863885839737
LAO,YR2016,87.0957717895508,80.3351114105026
LBN,YR1992,98.2687530517578,100.0
LBN,YR1996,98.9223937988281,100.0
LBN,YR2000,99.3398971557617,100.0
LBN,YR2004,99.9,100.0
LBN,YR2008,99.9,99.2
LBN,YR2012,99.9983062744141,99.9928955289017
LBN,YR2016,100.0,100.0
LBR,YR1992,0.00999999977648258,0.00999999977648258
LBR,YR1996,0.00999999977648258,0.00999999977648258
LBR,YR2000,0.00999999977648258,0.00999999977648258
LBR,YR2004,0.011186852119863,
LBR,YR2008,1.75265645980835,
LBR,YR2012,8.59968376159668,2.56964228564786
LBR,YR2016,19.8,1.3
LBY,YR1992,99.8584060668945,99.414126578104
LBY,YR1996,99.8411636352539,99.357009473156
LBY,YR2000,99.8,99.1
LBY,YR2004,99.0667419433594,97.8114601554449
LBY,YR2008,98.6447525024414,96.7861545723236
LBY,YR2012,98.5183944702148,96.447595393331
LBY,YR2016,98.5367279052735,96.4409533778846
LCA,YR1992,84.9254455566406,80.3752377906989
LCA,YR1996,87.2677230834961,83.8937639360864
LCA,YR2000,89.3667984008789,87.0235935437254
LCA,YR2004,91.2123641967774,89.9611774322635
LCA,YR2008,93.1498947143555,92.7027806359761
LCA,YR2012,95.3434225844005,95.6458635703919
LCA,YR2016,97.7609176635742,98.4064922123234
LIC,YR1992,,
LIC,YR1996,,
LIC,YR2000,,
LIC,YR2004,,
LIC,YR2008,,
LIC,YR2012,,
LIC,YR2016,,
LIE,YR1992,100.0,100.0
LIE,YR1996,100.0,100.0
LIE,YR2000,100.0,100.0
LIE,YR2004,100.0,100.0
LIE,YR2008,100.0,100.0
LIE,YR2012,100.0,100.0
LIE,YR2016,100.0,100.0
LKA,YR1992,56.3408737182617,50.7086746447243
LKA,YR1996,63.085132598877,58.2432072244723
LKA,YR2000,69.5861892700195,65.4930026347441
LKA,YR2004,75.8337326049805,72.4430292270407
LKA,YR2008,82.1732482910156,79.4803734385713
LKA,YR2012,88.8083953857422,86.8347719669047
LKA,YR2016,95.5882339477539,94.5929601820091
LMC,YR1992,,
LMC,YR1996,,
LMC,YR2000,,
LMC,YR2004,,
LMC,YR2008,,
LMC,YR2012,,
LMC,YR2016,,
LMY,YR1992,,
LMY,YR1996,,
LMY,YR2000,,
LMY,YR2004,,
LMY,YR2008,,
LMY,YR2012,,
LMY,YR2016,,
LNX,YR1992,,
LNX,YR1996,,
LNX,YR2000,,
LNX,YR2004,,
LNX,YR2008,,
LNX,YR2012,,
LNX,YR2016,,
LSO,YR1992,0.00999999977648258,0.00999999977648258
LSO,YR1996,0.0135795697569847,
LSO,YR2000,4.25876010781671,1.27977248489157
LSO,YR2004,6.8,0.8
LSO,YR2008,15.4244756698608,7.75189601979641
LSO,YR2012,22.5065479278564,11.9385302541496
LSO,YR2016,29.7333087921143,15.7458837129464
LTU,YR1992,100.0,100.0
LTU,YR1996,100.0,100.0
LTU,YR2000,100.0,100.0
LTU,YR2004,100.0,100.0
LTU,YR2008,100.0,100.0
LTU,YR2012,100.0,100.0
LTU,YR2016,100.0,100.0
LUX,YR1992,100.0,100.0
LUX,YR1996,100.0,100.0
LUX,YR2000,100.0,100.0
LUX,YR2004,100.0,100.0
LUX,YR2008,100.0,100.0
LUX,YR2012,100.0,100.0
LUX,YR2016,100.0,100.0
LVA,YR1992,100.0,100.0
LVA,YR1996,100.0,100.0
LVA,YR2000,100.0,100.0
LVA,YR2004,100.0,100.0
LVA,YR2008,100.0,100.0
LVA,YR2012,100.0,100.0
LVA,YR2016,100.0,100.0
MAC,YR1992,,
MAC,YR1996,100.0,100.0
MAC,YR2000,100.0,
MAC,YR2004,100.0,
MAC,YR2008,100.0,
MAC,YR2012,100.0,
MAC,YR2016,100.0,
MAF,YR1992,44.4076080322266,
MAF,YR1996,49.2044219970703,
MAF,YR2000,53.7580261230469,
MAF,YR2004,58.0581245422363,
MAF,YR2008,62.4501876831055,
MAF,YR2012,67.1378860473633,
MAF,YR2016,71.9702835083008,
MAR,YR1992,49.2,15.6
MAR,YR1996,61.3154487609863,28.8289333603396
MAR,YR2000,69.8509674072266,37.1298835819743
MAR,YR2004,78.2,51.3
MAR,YR2008,86.506950378418,73.6944365938138
MAR,YR2012,95.1765670776367,90.8748552861979
MAR,YR2016,100.0,100.0
MCO,YR1992,100.0,
MCO,YR1996,100.0,
MCO,YR2000,100.0,
MCO,YR2004,100.0,
MCO,YR2008,100.0,
MCO,YR2012,100.0,
MCO,YR2016,100.0,
MDA,YR1992,95.6288528442383,94.9096475467205
MDA,YR1996,96.9854888916016,96.6186495071009
MDA,YR2000,98.0854339599609,97.9161287826418
MDA,YR2004,99.1,99.0987004118992
MDA,YR2008,99.8194274902344,99.7648211703154
MDA,YR2012,100.0,100.0
MDA,YR2016,100.0,100.0
MDG,YR1992,9.2,1.9
MDG,YR1996,12.1619205474854,0.884520593059373
MDG,YR2000,13.6247367858887,0.574042779110953
MDG,YR2004,14.8340463638306,
MDG,YR2008,16.1353225708008,
MDG,YR2012,17.7322368621826,
MDG,YR2016,22.9,17.3
MDV,YR1992,75.6420745849609,68.1824335069036
MDV,YR1996,80.687744140625,74.6746795872169
MDV,YR2000,83.8,78.239232556175
MDV,YR2004,90.0391616821289,85.838405821806
MDV,YR2008,94.6800842285156,91.8929861139752
MDV,YR2012,99.1618041992188,98.6059722257089
MDV,YR2016,100.0,100.0
MEX,YR1992,93.145981,76.047298
MEX,YR1996,96.093624,86.345106
MEX,YR2000,98.007132,93.055972
MEX,YR2004,98.597701,95.868543
MEX,YR2008,98.914037,95.935502
MEX,YR2012,99.111637,97.194036
MEX,YR2016,100.0,100.0
MHL,YR1992,55.6947975158691,
MHL,YR1996,62.138370513916,9.48740446414767
MHL,YR2000,68.338737487793,23.1784389276731
MHL,YR2004,74.2855987548828,37.3641473149621
MHL,YR2008,80.3244247436523,52.836862633211
MHL,YR2012,86.6588897705078,70.149819333175
MHL,YR2016,93.1380462646484,89.0879896817433
MIC,YR1992,,
MIC,YR1996,,
MIC,YR2000,,
MIC,YR2004,,
MIC,YR2008,,
MIC,YR2012,,
MIC,YR2016,,
MKD,YR1992,95.0243377685547,96.7501784754692
MKD,YR1996,96.3319091796875,98.1384878380622
MKD,YR2000,97.3962783813477,98.9488170056323
MKD,YR2004,98.2115173339844,99.2800578993361
MKD,YR2008,99.2,99.9172387924053
MKD,YR2012,99.9574584960938,100.0
MKD,YR2016,100.0,100.0
MLI,YR1992,0.130867511034012,
MLI,YR1996,6.2,0.4
MLI,YR2000,10.2840948104858,1.14740485953544
MLI,YR2004,16.2274799346924,2.77615000157079
MLI,YR2008,22.2628307342529,3.40100797743137
MLI,YR2012,25.6,11.9
MLI,YR2016,35.0694999694824,1.7689984828541
MLT,YR1992,100.0,100.0
MLT,YR1996,100.0,100.0
MLT,YR2000,100.0,100.0
MLT,YR2004,100.0,100.0
MLT,YR2008,100.0,100.0
MLT,YR2012,100.0,100.0
MLT,YR2016,100.0,100.0
MMR,YR1992,37.4173202514648,22.1660912016768
MMR,YR1996,40.8856964111328,25.7666373009173
MMR,YR2000,44.1108665466309,28.882640686669
MMR,YR2004,47.0825309753418,31.4931918348278
MMR,YR2008,50.1461563110351,34.0132698430518
MMR,YR2012,53.5054244995117,36.7904081475023
MMR,YR2016,57.0093841552734,39.7927429049178
MNE,YR1992,98.6878433227539,97.9935812477643
MNE,YR1996,99.1807403564453,98.7758358068158
MNE,YR2000,99.4369812011719,99.2288127630668
MNE,YR2004,99.4619369506836,99.253343070164
MNE,YR2008,99.5688781738281,99.3784341640182
MNE,YR2012,99.9105987548828,99.8862612953242
MNE,YR2016,100.0,100.0
MNG,YR1992,69.2861938476563,28.6687513336906
MNG,YR1996,71.5707015991211,34.4851708473312
MNG,YR2000,67.3,25.0805499002332
MNG,YR2004,75.399787902832,39.3656539644373
MNG,YR2008,77.2795486450195,39.463109357937
MNG,YR2012,79.454948425293,40.836204837749
MNG,YR2016,81.775032043457,44.168604551646
MNP,YR1992,,
MNP,YR1996,100.0,100.0
MNP,YR2000,100.0,100.0
MNP,YR2004,100.0,100.0
MNP,YR2008,100.0,100.0
MNP,YR2012,100.0,100.0
MNP,YR2016,100.0,100.0
MOZ,YR1992,0.0298860743641853,
MOZ,YR1996,2.31869792938232,
MOZ,YR2000,6.69505882263184,
MOZ,YR2004,10.8179121017456,1.17048507216784
MOZ,YR2008,13.5712238463743,2.15221459762944
MOZ,YR2012,19.54319190979,3.83911469774439
MOZ,YR2016,24.1983394622803,4.95497106197218
MRT,YR1992,6.91367387771606,
MRT,YR1996,12.9064464569092,
MRT,YR2000,18.6560115814209,
MRT,YR2004,24.1520690917969,
MRT,YR2008,30.0,
MRT,YR2012,35.6237564086914,
MRT,YR2016,41.6521072387695,
MSR,YR1992,,
MSR,YR1996,,
MSR,YR2000,,
MSR,YR2004,,
MSR,YR2008,,
MSR,YR2012,,
MSR,YR2016,,
MTQ,YR1992,,
MTQ,YR1996,,
MTQ,YR2000,,
MTQ,YR2004,,
MTQ,YR2008,,
MTQ,YR2012,,
MTQ,YR2016,,
MUS,YR1992,99.3220138549805,98.7967662661138
MUS,YR1996,99.4350128173828,99.0059867859549
MUS,YR2000,99.0,98.2557117957069
MUS,YR2004,98.9210815429688,99.5605152549114
MUS,YR2008,98.6293258666992,100.0
MUS,YR2012,98.6332092285156,100.0
MUS,YR2016,98.7817840576172,100.0
MWI,YR1992,3.2,1.1
MWI,YR1996,3.62942457199097,0.551966979332787
MWI,YR2000,4.8,1.0
MWI,YR2004,6.9,2.2
MWI,YR2008,7.43995952606201,2.5001339322067
MWI,YR2012,7.4,2.3
MWI,YR2016,11.0,4.0
MYS,YR1992,94.6386260986328,92.6387963271651
MYS,YR1996,95.9435882568359,94.183002848418
MYS,YR2000,97.0053405761719,95.438465300523
MYS,YR2004,97.813591003418,96.3179370814344
MYS,YR2008,98.729248046875,97.4100957300989
MYS,YR2012,99.8,99.3
MYS,YR2016,100.0,100.0
MYT,YR1992,,
MYT,YR1996,,
MYT,YR2000,,
MYT,YR2004,,
MYT,YR2008,,
MYT,YR2012,,
MYT,YR2016,,
NAM,YR1992,26.4,4.2
NAM,YR1996,31.6662139892578,15.0614776387223
NAM,YR2000,36.5,13.2
NAM,YR2004,39.4600563049316,21.1380330021776
NAM,YR2008,43.3221893310547,23.2739054355103
NAM,YR2012,47.4799613952637,25.7767285344125
NAM,YR2016,51.7824249267578,28.7242268577304
NAR,YR1992,,
NAR,YR1996,,
NAR,YR2000,,
NAR,YR2004,,
NAR,YR2008,,
NAR,YR2012,,
NAR,YR2016,,
NCL,YR1992,,
NCL,YR1996,100.0,100.0
NCL,YR2000,100.0,100.0
NCL,YR2004,100.0,100.0
NCL,YR2008,100.0,100.0
NCL,YR2012,100.0,100.0
NCL,YR2016,100.0,100.0
NER,YR1992,4.4,0.2
NER,YR1996,7.0,1.96693633581098
NER,YR2000,6.48148148148148,0.381887615930169
NER,YR2004,9.71966648101807,2.47819326219475
NER,YR2008,11.6401996612549,3.18336426059982
NER,YR2012,14.4,5.2
NER,YR2016,16.2172336578369,4.67992277139175
NGA,YR1992,34.6189117431641,12.8912240908162
NGA,YR1996,38.7998695373535,16.893301155112
NGA,YR2000,42.7376136779785,20.7452951041972
NGA,YR2004,46.4218521118164,23.2848668504194
NGA,YR2008,50.3,31.4
NGA,YR2012,54.269905090332,29.608632575031
NGA,YR2016,59.3,41.1
NIC,YR1992,68.1018981933594,42.6756118441153
NIC,YR1996,70.5874176025391,45.4311434272736
NIC,YR2000,72.8297271728516,47.8018266568812
NIC,YR2004,74.8185272216797,49.7376641228996
NIC,YR2008,76.8992919921875,51.7460772226546
NIC,YR2012,79.2756958007813,54.1029604936596
NIC,YR2016,81.7967987060547,56.604743861928
NIU,YR1992,,
NIU,YR1996,,
NIU,YR2000,,
NIU,YR2004,,
NIU,YR2008,,
NIU,YR2012,,
NIU,YR2016,,
NLD,YR1992,100.0,100.0
NLD,YR1996,100.0,100.0
NLD,YR2000,100.0,100.0
NLD,YR2004,100.0,100.0
NLD,YR2008,100.0,100.0
NLD,YR2012,100.0,100.0
NLD,YR2016,100.0,100.0
NOC,YR1992,,
NOC,YR1996,,
NOC,YR2000,,
NOC,YR2004,,
NOC,YR2008,,
NOC,YR2012,,
NOC,YR2016,,
NOR,YR1992,100.0,100.0
NOR,YR1996,100.0,100.0
NOR,YR2000,100.0,100.0
NOR,YR2004,100.0,100.0
NOR,YR2008,100.0,100.0
NOR,YR2012,100.0,100.0
NOR,YR2016,100.0,100.0
NPL,YR1992,0.458564400672913,
NPL,YR1996,17.9,12.1
NPL,YR2000,27.5376052856445,18.769202296814
NPL,YR2004,37.2,27.3
NPL,YR2008,58.9898948669434,52.8311672007193
NPL,YR2012,75.0576629638672,70.8971405211242
NPL,YR2016,90.7,85.2
NRU,YR1992,100.0,
NRU,YR1996,100.0,
NRU,YR2000,99.9833984375,
NRU,YR2004,99.6289367675781,
NRU,YR2008,99.2540893554688,
NRU,YR2012,99.1622009277344,
NRU,YR2016,99.2028045654297,
NZL,YR1992,100.0,100.0
NZL,YR1996,100.0,100.0
NZL,YR2000,100.0,100.0
NZL,YR2004,100.0,100.0
NZL,YR2008,100.0,100.0
NZL,YR2012,100.0,100.0
NZL,YR2016,100.0,100.0
OEC,YR1992,,
OEC,YR1996,,
OEC,YR2000,,
OEC,YR2004,,
OEC,YR2008,,
OEC,YR2012,,
OEC,YR2016,,
OMN,YR1992,,
OMN,YR1996,,
OMN,YR2000,,
OMN,YR2004,,
OMN,YR2008,100.0,100.0
OMN,YR2012,100.0,100.0
OMN,YR2016,100.0,100.0
PAK,YR1992,63.0752372741699,49.1230114112287
PAK,YR1996,69.2903060913086,57.1614968852154
PAK,YR2000,75.2621612548828,65.070346505254
PAK,YR2004,80.9805145263672,72.7950324329079
PAK,YR2008,86.7908325195313,80.8296813001982
PAK,YR2012,92.8967895507813,89.5268198759135
PAK,YR2016,99.1474380493164,98.807673698578
PAN,YR1992,74.2195434570313,47.0210492447938
PAN,YR1996,77.6222839355469,50.4722596111922
PAN,YR2000,81.4014100930039,52.16
PAN,YR2004,83.6878509521484,59.9179995743012
PAN,YR2008,86.6858444213867,66.2026752402876
PAN,YR2012,89.9794769287109,73.4007963667136
PAN,YR2016,93.4178009033203,81.2950521000033
PER,YR1992,70.1,19.6
PER,YR1996,67.0,17.8
PER,YR2000,72.496495,28.944198
PER,YR2004,75.692357,32.028739
PER,YR2008,84.678343,50.133503
PER,YR2012,91.099508,68.558489
PER,YR2016,94.8517456054688,75.5729045784838
PHL,YR1992,64.4574127197266,43.9577265726882
PHL,YR1996,69.0811462402344,51.4337832684643
PHL,YR2000,73.4616775512695,58.4860893039724
PHL,YR2004,77.5886917114258,65.4604726269344
PHL,YR2008,83.3,72.8
PHL,YR2012,86.3223037719727,79.3234186066643
PHL,YR2016,90.9816131591797,86.2595592235837
PLW,YR1992,97.7327880859375,93.755245510518
PLW,YR1996,98.1952438354492,95.1415805001672
PLW,YR2000,98.4144973754883,96.1812071137958
PLW,YR2004,98.3802490234375,95.6015013609099
PLW,YR2008,98.4379577636719,95.0748282736447
PLW,YR2012,97.6304263093788,96.2468970732814
PLW,YR2016,99.2893524169922,97.2302593103519
PNG,YR1992,6.60765600204468,
PNG,YR1996,11.0,2.9
PNG,YR2000,12.2120151519775,4.44003695766942
PNG,YR2004,14.6390829086304,6.95859991637067
PNG,YR2008,17.1581172943115,9.56506538059782
PNG,YR2012,19.9727916717529,12.4846218727694
PNG,YR2016,22.9321537017822,15.4713485991113
POL,YR1992,100.0,100.0
POL,YR1996,100.0,100.0
POL,YR2000,100.0,100.0
POL,YR2004,100.0,100.0
POL,YR2008,100.0,100.0
POL,YR2012,100.0,100.0
POL,YR2016,100.0,100.0
PRI,YR1992,,
PRI,YR1996,,
PRI,YR2000,,
PRI,YR2004,100.0,100.0
PRI,YR2008,100.0,100.0
PRI,YR2012,100.0,100.0
PRI,YR2016,100.0,100.0
PRK,YR1992,0.167668208479881,0.167668208479881
PRK,YR1996,4.7497935295105,4.7497935295105
PRK,YR2000,11.649112701416,11.649112701416
PRK,YR2004,18.2949237823486,18.2949237823486
PRK,YR2008,25.0327014923096,25.0327014923096
PRK,YR2012,32.0661201477051,32.0661201477051
PRK,YR2016,39.2442245483398,39.2442245483398
PRT,YR1992,100.0,100.0
PRT,YR1996,100.0,100.0
PRT,YR2000,100.0,100.0
PRT,YR2004,100.0,100.0
PRT,YR2008,100.0,100.0
PRT,YR2012,100.0,100.0
PRT,YR2016,100.0,100.0
PRY,YR1992,82.2160568237305,67.947563903944
PRY,YR1996,85.7385025024414,73.1200819102411
PRY,YR2000,89.0177383422852,78.3867784975119
PRY,YR2004,93.249876,86.986468
PRY,YR2008,96.677896,93.256852
PRY,YR2012,97.835616,95.143326
PRY,YR2016,98.4,96.1
PSE,YR1992,97.7416076660156,93.0662384851796
PSE,YR1996,98.4545669555664,94.9371381749525
PSE,YR2000,99.7,99.3
PSE,YR2004,99.1405715942383,97.15
PSE,YR2008,99.4487915039062,98.6091224438532
PSE,YR2012,100.0,100.0
PSE,YR2016,100.0,100.0
PYF,YR1992,100.0,100.0
PYF,YR1996,100.0,100.0
PYF,YR2000,100.0,100.0
PYF,YR2004,100.0,100.0
PYF,YR2008,100.0,100.0
PYF,YR2012,100.0,100.0
PYF,YR2016,100.0,100.0
QAT,YR1992,100.0,100.0
QAT,YR1996,100.0,100.0
QAT,YR2000,100.0,100.0
QAT,YR2004,100.0,100.0
QAT,YR2008,100.0,100.0
QAT,YR2012,100.0,100.0
QAT,YR2016,100.0,100.0
REU,YR1992,,
REU,YR1996,,
REU,YR2000,,
REU,YR2004,,
REU,YR2008,,
REU,YR2012,,
REU,YR2016,,
ROU,YR1992,100.0,100.0
ROU,YR1996,100.0,100.0
ROU,YR2000,100.0,100.0
ROU,YR2004,100.0,100.0
ROU,YR2008,100.0,100.0
ROU,YR2012,100.0,100.0
ROU,YR2016,100.0,100.0
RUS,YR1992,100.0,100.0
RUS,YR1996,100.0,100.0
RUS,YR2000,100.0,100.0
RUS,YR2004,100.0,100.0
RUS,YR2008,100.0,100.0
RUS,YR2012,100.0,100.0
RUS,YR2016,100.0,100.0
RWA,YR1992,2.3,0.5
RWA,YR1996,1.16230273246765,
RWA,YR2000,6.2,0.9
RWA,YR2004,8.50300693511963,0.90662160141926
RWA,YR2008,6.0,2.0
RWA,YR2012,16.0697765350342,1.25936141377667
RWA,YR2016,29.37,17.76
SAU,YR1992,,
SAU,YR1996,,
SAU,YR2000,,
SAU,YR2004,100.0,100.0
SAU,YR2008,100.0,100.0
SAU,YR2012,100.0,100.0
SAU,YR2016,100.0,100.0
SDN,YR1992,27.5783214569092,11.0448532033008
SDN,YR1996,29.6063747406006,12.6381638872369
SDN,YR2000,23.0,2.24762772590571
SDN,YR2004,32.9225616455078,16.3815305886343
SDN,YR2008,34.5458641052246,18.1819964665897
SDN,YR2012,36.4648094177246,20.2069616244862
SDN,YR2016,38.5284423828125,22.2029537626764
SEN,YR1992,28.1841583251953,11.7042224378344
SEN,YR1996,34.2292022705078,17.2585534100356
SEN,YR2000,62.2570630965705,89.8600078486366
SEN,YR2004,36.8,8.0
SEN,YR2008,51.2196617126465,31.9052198582442
SEN,YR2012,57.1555976867676,36.7280984426832
SEN,YR2016,64.5,38.3
SGP,YR1992,100.0,
SGP,YR1996,100.0,
SGP,YR2000,100.0,
SGP,YR2004,100.0,
SGP,YR2008,100.0,
SGP,YR2012,100.0,
SGP,YR2016,100.0,
SHN,YR1992,,
SHN,YR1996,,
SHN,YR2000,,
SHN,YR2004,,
SHN,YR2008,,
SHN,YR2012,,
SHN,YR2016,,
SLB,YR1992,0.00999999977648258,
SLB,YR1996,0.206765353679657,
SLB,YR2000,6.56820869445801,
SLB,YR2004,16.6529769897461,7.20856031187201
SLB,YR2008,26.8297100067139,18.0319559318824
SLB,YR2012,37.3020820617676,29.4946043541311
SLB,YR2016,47.9191436767578,41.5360381350692
SLE,YR1992,7.9595365524292,3.3430978088946
SLE,YR1996,9.65333080291748,3.29933284536897
SLE,YR2000,11.1039171218872,2.78229506955023
SLE,YR2004,16.8,8.84426790468173
SLE,YR2008,12.1,1.4
SLE,YR2012,15.1747264862061,
SLE,YR2016,20.3,2.5
SLV,YR1992,74.5978393554687,54.5459848408693
SLV,YR1996,77.883,53.220704
SLV,YR2000,84.519249,65.170985
SLV,YR2004,87.357045,71.896139
SLV,YR2008,91.000227,79.393669
SLV,YR2012,93.680571,85.670994
SLV,YR2016,98.618896484375,98.7540836323244
SMR,YR1992,100.0,100.0
SMR,YR1996,100.0,100.0
SMR,YR2000,100.0,100.0
SMR,YR2004,100.0,100.0
SMR,YR2008,100.0,100.0
SMR,YR2012,100.0,100.0
SMR,YR2016,100.0,100.0
SOM,YR1992,0.00999999977648258,
SOM,YR1996,0.525144457817078,
SOM,YR2000,5.4950795173645,
SOM,YR2004,11.3409223556519,1.2819783231051
SOM,YR2008,17.2787322998047,4.80441947425166
SOM,YR2012,23.5121803283691,8.3321912933973
SOM,YR2016,29.8903179168701,11.6313767023634
SPM,YR1992,,
SPM,YR1996,,
SPM,YR2000,,
SPM,YR2004,,
SPM,YR2008,,
SPM,YR2012,,
SPM,YR2016,,
SRB,YR1992,99.4600372314453,99.9917773787095
SRB,YR1996,99.7709045410156,100.0
SRB,YR2000,99.8400802612305,100.0
SRB,YR2004,99.6874389648438,99.9769263415791
SRB,YR2008,99.6210174560547,99.6100400833715
SRB,YR2012,99.8149719238281,99.6591530715828
SRB,YR2016,100.0,100.0
SSD,YR1992,0.00999999977648258,0.00999999977648258
SSD,YR1996,0.00999999977648258,0.00999999977648258
SSD,YR2000,0.00999999977648258,0.00765885594557728
SSD,YR2004,0.0113150468096137,
SSD,YR2008,1.02175235748291,
SSD,YR2012,4.91234540939331,2.5897139075616
SSD,YR2016,8.94762802124023,5.8733958854267
STP,YR1992,44.6251907348633,32.0716689282908
STP,YR1996,48.2974395751953,35.0740125661298
STP,YR2000,52.9,38.96764
STP,YR2004,54.9020156860352,40.1350652803412
STP,YR2008,58.1695175170898,42.919433600566
STP,YR2012,57.9,43.3
STP,YR2016,65.4404830932617,51.0857189677002
SUR,YR1992,100.0,100.0
SUR,YR1996,99.7133178710938,100.0
SUR,YR2000,97.4414291381836,95.7579120156727
SUR,YR2004,94.622184753418,88.5913905967774
SUR,YR2008,91.894905090332,81.6573621618957
SUR,YR2012,89.463264465332,75.3524540868705
SUR,YR2016,87.1763153076172,69.3380324663806
SVK,YR1992,100.0,100.0
SVK,YR1996,100.0,100.0
SVK,YR2000,100.0,100.0
SVK,YR2004,100.0,100.0
SVK,YR2008,100.0,100.0
SVK,YR2012,100.0,100.0
SVK,YR2016,100.0,100.0
SVN,YR1992,100.0,100.0
SVN,YR1996,100.0,100.0
SVN,YR2000,100.0,100.0
SVN,YR2004,100.0,100.0
SVN,YR2008,100.0,100.0
SVN,YR2012,100.0,100.0
SVN,YR2016,100.0,100.0
SWE,YR1992,100.0,100.0
SWE,YR1996,100.0,100.0
SWE,YR2000,100.0,100.0
SWE,YR2004,100.0,100.0
SWE,YR2008,100.0,100.0
SWE,YR2012,100.0,100.0
SWE,YR2016,100.0,100.0
SWZ,YR1992,1.44882464408874,
SWZ,YR1996,11.3405694961548,1.69557794145605
SWZ,YR2000,22.2309303283691,13.7119232315129
SWZ,YR2004,32.8677825927734,25.4355067462622
SWZ,YR2008,43.5966033935547,37.1883940833564
SWZ,YR2012,54.6210632324219,49.1534888664584
SWZ,YR2016,65.7902069091797,61.1840977421427
SXM,YR1992,100.0,
SXM,YR1996,100.0,
SXM,YR2000,100.0,
SXM,YR2004,100.0,
SXM,YR2008,100.0,
SXM,YR2012,100.0,
SXM,YR2016,100.0,
SYC,YR1992,90.4930114746094,81.2402601984825
SYC,YR1996,92.3256683349609,84.7691304060022
SYC,YR2000,93.9151153564453,87.8009099531424
SYC,YR2004,95.2510604858398,90.3396609503167
SYC,YR2008,96.6789627075195,93.1135300153826
SYC,YR2012,98.4092712402344,96.6786299154844
SYC,YR2016,100.0,100.0
SYR,YR1992,82.233283996582,67.3082535196856
SYR,YR1996,85.5459671020508,72.5447030488853
SYR,YR2000,88.6154403686523,77.4155328716341
SYR,YR2004,91.4314117431641,82.0810674059972
SYR,YR2008,94.339340209961,87.4618989617804
SYR,YR2012,97.5429153442383,94.3568480914713
SYR,YR2016,100.0,100.0
TCA,YR1992,90.7753143310547,60.4211249764908
TCA,YR1996,91.799201965332,57.0003476448247
TCA,YR2000,95.6,71.5843458387586
TCA,YR2004,93.1070556640625,46.9184104293761
TCA,YR2008,93.7261962890625,42.3996567091561
TCA,YR2012,93.1,22.7169005930547
TCA,YR2016,95.700439453125,42.6615731425534
TCD,YR1992,0.108397804200649,
TCD,YR1996,1.4197142124176,
TCD,YR2000,2.90238356590271,0.50917267792802
TCD,YR2004,3.5,0.3
TCD,YR2008,5.45267391204834,1.03141927111932
TCD,YR2012,7.06944179534912,1.61342743078011
TCD,YR2016,8.83089828491211,2.23271715979023
TGO,YR1992,2.84530162811279,
TGO,YR1996,10.3955144882202,
TGO,YR2000,16.9562348801407,3.04017372421281
TGO,YR2004,24.7560157775879,8.59973458390368
TGO,YR2008,31.9014797210693,12.3716272689976
TGO,YR2012,39.3425827026367,16.0548226285373
TGO,YR2016,46.9283752441406,19.3940557556804
THA,YR1992,78.2316207885742,69.1429643186101
THA,YR1996,82.8352355957031,75.4486399391654
THA,YR2000,82.1,87.0
THA,YR2004,91.3025436401367,86.6229589590107
THA,YR2008,95.5014114379883,92.6749042770712
THA,YR2012,99.1086235489221,98.8437177787598
THA,YR2016,100.0,100.0
TJK,YR1992,97.0390625,96.0467807450259
TJK,YR1996,97.8481216430664,97.1963090673696
TJK,YR2000,98.4677419354839,98.0263157894737
TJK,YR2004,98.7307052612305,98.3913592254744
TJK,YR2008,99.1460800170898,98.9020500087012
TJK,YR2012,99.1,98.8
TJK,YR2016,100.0,100.0
TKM,YR1992,98.8827514648438,98.5031510326415
TKM,YR1996,99.3554992675781,99.2169145421358
TKM,YR2000,99.6,99.6
TKM,YR2004,99.5998764038086,99.5483670959205
TKM,YR2008,99.6832656860352,99.5911461195105
TKM,YR2012,99.9621200561523,99.9395369126101
TKM,YR2016,100.0,100.0
TLS,YR1992,0.465930610895157,
TLS,YR1996,8.6934289932251,
TLS,YR2000,19.6340026855469,2.94087859471347
TLS,YR2004,30.3210697174072,14.3251111154766
TLS,YR2008,41.1001014709473,25.2559501034592
TLS,YR2012,52.1747741699219,36.8709186072853
TLS,YR2016,63.3941383361816,49.2153775073931
TON,YR1992,79.3968734741211,74.4343105377867
TON,YR1996,82.5288848876953,78.352644824639
TON,YR2000,85.4176864624023,81.9940949782631
TON,YR2004,88.052978515625,85.336786465238
TON,YR2008,90.7802352905273,88.7761759152657
TON,YR2012,92.8,91.3
TON,YR2016,97.02,96.56
TTO,YR1992,84.5360870361328,83.0909317268912
TTO,YR1996,88.145149230957,86.9015321641838
TTO,YR2000,91.29,96.2
TTO,YR2004,94.6233520507812,94.0336368765622
TTO,YR2008,97.8276672363281,97.6023706646266
TTO,YR2012,99.9369354248047,99.9308540184398
TTO,YR2016,100.0,100.0
TUN,YR1992,89.3367462158203,74.1076188044771
TUN,YR1996,90.4,75.2101190288448
TUN,YR2000,94.8,86.1828567869905
TUN,YR2004,99.0,97.6751695632213
TUN,YR2008,99.4,98.7349148549801
TUN,YR2012,99.5,98.6414957373642
TUN,YR2016,100.0,100.0
TUR,YR1992,90.0491790771484,82.7073943749413
TUR,YR1996,92.523078918457,86.6543379548702
TUR,YR2000,94.7537689208984,90.405311740772
TUR,YR2004,96.7309494018555,93.8110175474233
TUR,YR2008,98.8069000244141,97.7207439437862
TUR,YR2012,99.9856567382813,99.9869214987948
TUR,YR2016,100.0,100.0
TUV,YR1992,91.4954299926758,90.187459588348
TUV,YR1996,93.0202484130859,91.8846711438112
TUV,YR2000,94.3018646240235,93.2312547576814
TUV,YR2004,95.3299713134765,94.1230763168305
TUV,YR2008,96.4500427246094,95.0090543729765
TUV,YR2012,97.671777399205,96.6157205240175
TUV,YR2016,99.426155090332,98.5428016103924
TWN,YR1992,,
TWN,YR1996,,
TWN,YR2000,,
TWN,YR2004,,
TWN,YR2008,,
TWN,YR2012,,
TWN,YR2016,,
TZA,YR1992,6.8,1.3
TZA,YR1996,9.4,1.8
TZA,YR2000,9.62061023712158,2.76094790095948
TZA,YR2004,11.4,1.6
TZA,YR2008,11.5,2.1
TZA,YR2012,15.3,3.6
TZA,YR2016,32.8,16.9
UGA,YR1992,2.76766586303711,
UGA,YR1996,5.70788192749023,1.36087599395184
UGA,YR2000,8.4048900604248,3.85055072688948
UGA,YR2004,10.8483905792236,5.90627503611252
UGA,YR2008,13.3838567733765,7.82297767939806
UGA,YR2012,16.2149639129639,9.97981955627552
UGA,YR2016,26.7,18.0
UKR,YR1992,98.3519439697266,97.4203904768228
UKR,YR1996,98.9829711914063,98.6487401192323
UKR,YR2000,99.3778686523438,99.3278962407195
UKR,YR2004,99.5391082763672,99.4208528477326
UKR,YR2008,99.7827072143555,99.5991941869422
UKR,YR2012,99.8674911660777,99.7330663997331
UKR,YR2016,100.0,100.0
UMC,YR1992,,
UMC,YR1996,,
UMC,YR2000,,
UMC,YR2004,,
UMC,YR2008,,
UMC,YR2012,,
UMC,YR2016,,
URY,YR1992,96.7099838256836,82.2875298305564
URY,YR1996,97.4872055053711,79.3663787081718
URY,YR2000,98.0077514648437,82.6573998795369
URY,YR2004,98.3061141967773,85.8520888076609
URY,YR2008,98.784355,88.937183
URY,YR2012,99.3490753173828,93.26591849885
URY,YR2016,100.0,100.0
USA,YR1992,100.0,100.0
USA,YR1996,100.0,100.0
USA,YR2000,100.0,100.0
USA,YR2004,100.0,100.0
USA,YR2008,100.0,100.0
USA,YR2012,100.0,100.0
USA,YR2016,100.0,100.0
UZB,YR1992,98.7313079833984,98.2562925623325
UZB,YR1996,99.6,99.3
UZB,YR2000,99.6330184936523,99.4872420701241
UZB,YR2004,99.7321548461914,99.5906296545248
UZB,YR2008,99.9029541015625,99.8476396875666
UZB,YR2012,99.9999084472656,99.9998565408876
UZB,YR2016,100.0,100.0
VCT,YR1992,68.9216690063477,59.9967934556315
VCT,YR1996,74.5949783325195,67.449265869247
VCT,YR2000,80.0250778198242,74.7723873426031
VCT,YR2004,85.2016677856445,81.9363053374267
VCT,YR2008,90.4702224731445,89.4494782609856
VCT,YR2012,96.034423828125,97.6494909047182
VCT,YR2016,100.0,100.0
VEN,YR1992,97.820203,97.329876
VEN,YR1996,98.2056121826172,86.6040469299979
VEN,YR2000,98.4856872558594,87.4017222553409
VEN,YR2004,98.5122604370117,87.038338503079
VEN,YR2008,98.6307983398438,87.8970962361309
VEN,YR2012,99.0449676513672,91.433917940473
VEN,YR2016,99.6038360595703,96.3843754389501
VGB,YR1992,,
VGB,YR1996,,
VGB,YR2000,,
VGB,YR2004,,
VGB,YR2008,,
VGB,YR2012,,
VGB,YR2016,,
VIR,YR1992,100.0,100.0
VIR,YR1996,100.0,100.0
VIR,YR2000,100.0,100.0
VIR,YR2004,100.0,100.0
VIR,YR2008,100.0,100.0
VIR,YR2012,100.0,100.0
VIR,YR2016,100.0,100.0
VNM,YR1992,76.6132354736328,70.8394182422493
VNM,YR1996,81.5481567382813,76.5465971970381
VNM,YR2000,86.239875793457,82.1336656699649
VNM,YR2004,90.6780853271484,87.5791045508764
VNM,YR2008,95.2082595825195,93.4449580957572
VNM,YR2012,100.0,100.0
VNM,YR2016,100.0,100.0
VUT,YR1992,10.1467781066895,
VUT,YR1996,16.36474609375,1.1389200301525
VUT,YR2000,22.3395042419434,6.84990223642562
VUT,YR2004,28.0607566833496,12.4102501763534
VUT,YR2008,33.8739738464355,18.1128444841329
VUT,YR2012,39.9828300476074,24.2090427709081
VUT,YR2016,57.82,46.44
WLF,YR1992,,
WLF,YR1996,,
WLF,YR2000,,
WLF,YR2004,,
WLF,YR2008,,
WLF,YR2012,,
WLF,YR2016,,
WSM,YR1992,79.8687896728515,74.9991742551099
WSM,YR1996,83.8613433837891,79.905348562811
WSM,YR2000,87.6106872558594,84.5647006038631
WSM,YR2004,91.1065292358398,89.0667034876141
WSM,YR2008,94.6943283081055,93.6303052481611
WSM,YR2012,98.5047073364258,98.3262019890238
WSM,YR2016,100.0,100.0
XKX,YR1992,88.9717483520508,
XKX,YR1996,91.4636459350586,
XKX,YR2000,93.7123413085938,
XKX,YR2004,95.70751953125,
XKX,YR2008,97.7946701049805,
XKX,YR2012,99.7736511230469,
XKX,YR2016,100.0,
YEM,YR1992,44.1,33.9
YEM,YR1996,44.5372047424316,29.78923159438
YEM,YR2000,49.9586639404297,35.0295154903642
YEM,YR2004,49.59,32.24
YEM,YR2008,60.3865394592285,45.4168564334937
YEM,YR2012,65.9421005249023,51.3225489903046
YEM,YR2016,71.6423492431641,57.6911624125305
ZAF,YR1992,61.811710357666,38.4035514694694
ZAF,YR1996,57.6,25.0694634370981
ZAF,YR2000,71.3391799926758,52.1460216148961
ZAF,YR2004,80.9,71.4849916803226
ZAF,YR2008,81.9,70.5669814117932
ZAF,YR2012,85.3,75.5966659793825
ZAF,YR2016,84.2,67.9214351327324
ZMB,YR1992,19.2,3.1
ZMB,YR1996,17.3,1.5
ZMB,YR2000,16.7,2.2
ZMB,YR2004,20.3,3.1
ZMB,YR2008,22.7146854400635,3.92902856636613
ZMB,YR2012,24.8946666717529,3.37938406674913
ZMB,YR2016,27.2193374633789,2.65774574590031
ZWE,YR1992,28.2,3.03592127469067
ZWE,YR1996,32.4599494934082,7.33369081897213
ZWE,YR2000,33.5974197387695,7.17976727640345
ZWE,YR2004,34.4813804626465,7.97255743202023
ZWE,YR2008,35.4573097229004,10.3317228560259
ZWE,YR2012,36.7288780212402,12.981644179652
ZWE,YR2016,38.1451377868652,15.575583712267
